*distance/area/movement/trajectories are calculated in euclidian millimiter,
var_name,description*
?Mouse_1_poly_area, perimeter of CD1 convex hull 
?Mouse_2_poly_area, perimeter of C57 convex hull
Mouse_1_nose_to_tail, distance between CD1 nose and tail
Mouse_2_nose_to_tail, distance between C57 nose and tail
Mouse_1_width, distance between CD1 lateral left and lateral right
Mouse_2_width, distance between C57 lateral left to lateral right
Mouse_1_Ear_distance, distance between CD1 left ear and right ear
Mouse_2_Ear_distance, distance between C57 left ear and right ear
Mouse_1_Nose_to_centroid, distance between CD1 nose and centroid
Mouse_2_Nose_to_centroid, distance between C57 nose and centroid
Centroid_distance, distance between the centroid of the CD1 and  centroid of the C57
Nose_to_nose_distance, distance between the nose of the CD1 and nose of the C57
M1_Nose_to_M2_lat_left, distance between the nose of the CD1 and lateral left side of the C57
M1_Nose_to_M2_lat_right, distance between the nose of the CD1 and lateral right side of the C57
M2_Nose_to_M1_lat_left, distance between the nose of the C57 and lateral left side of the CD1
M2_Nose_to_M1_lat_right, distance between the nose of the C57 and lateral right side of the CD1
M1_Nose_to_M2_tail_base, distance between the nose of the CD1 and tail-base of the C57
M2_Nose_to_M1_tail_base, distance between the nose of the C57 and tail-base of the CD1
Movement_mouse_1_centroid, movements of CD1 centroid from previous frame
Movement_mouse_2_centroid, movements of C57 centroid from previous frame
Movement_mouse_1_nose, movements of CD1 nose from previous frame
Movement_mouse_2_nose, movements of C57 nose from previous frame
Movement_mouse_1_tail_base, movements of CD1 tail base from previous frame
Movement_mouse_2_tail_base, movements of C57 tail base from previous frame
Movement_mouse_1_tail_end, movements of CD1 tail end from previous frame
Movement_mouse_2_tail_end, movements of C57 tail end from previous frame
Movement_mouse_1_left_ear, movements of CD1 left ear from previous frame
Movement_mouse_2_left_ear, movements of C57 left ear from previous frame
Movement_mouse_1_right_ear, movements of CD1 right ear from previous frame
Movement_mouse_2_right_ear, movements of C57 right ear from previous frame
Movement_mouse_1_lateral_left, movements of CD1 lateral left side from previous frame
Movement_mouse_2_lateral_left, movements of C57 lateral left side from previous frame
Movement_mouse_1_lateral_right, movements of CD1 lateral right side from previous frame
Movement_mouse_2_lateral_right, movements of C57 lateral right side from previous frame
Mouse_1_polygon_size_change,The change in area size of CD1 convex hull from previous frame
Mouse_2_polygon_size_change,The change in area size of C57 convex hull from previous frame
M1_largest_euclidean_distance_hull,The longest distance between any two CD1 bodypart coordinates in the convex hull
M1_smallest_euclidean_distance_hull,The shortest distance between any two CD1 bodypart coordinates in the convex hull
M1_mean_euclidean_distance_hull,The average distance between any two CD1 bodypart coordinates in the convex hull
M1_sum_euclidean_distance_hull,The sum of distances between CD1 bodypart coordinates in the convex hull
M2_largest_euclidean_distance_hull,The longest distance between any two C57 bodypart coordinates in the convex hull
M2_smallest_euclidean_distance_hull,The shortest distance between any two C57 bodypart coordinates in the convex hull
M2_mean_euclidean_distance_hull,The average distance between any two C57 bodypart coordinates in the convex hull
M2_sum_euclidean_distance_hull,The sum of all distances between C57 bodypart coordinates in the convex hull
Sum_euclidean_distance_hull_M1_M2,The sum of distances between all C57 bodyparts coordinates and CD1 bodypart coordinates in the convex hulls
Total_movement_centroids,The sum of  movement of the CD1 centroid and C57 centroid from previous frame
Total_movement_tail_ends,The sum of  movement of the CD1 tail end and C57 tail end from previous frame
Total_movement_all_bodyparts_M1,The sum of  movements of all CD1 body parts from previous frame
Total_movement_all_bodyparts_M2,The sum of  movements of all C57 body parts from previous frame
Total_movement_all_bodyparts_both_mice,The sum of  movements of all C57 body-parts and CD1 body-parts from previous frame
Sum_euclid_distances_hull_median_2,"The median sum of distances between all C57 bodyparts, and CD1 bodyparts, in the last 500ms"
Sum_euclid_distances_hull_mean_2,"The mean sum of distances between all C57 bodyparts, and CD1 bodyparst, in the last 500ms"
Sum_euclid_distances_hull_sum_2,"The sum of distances between all C57 bodyparts, and CD1 bodyparts, in the last 500ms"
Sum_euclid_distances_hull_median_5,"The median sum of distances between all C57 bodyparts, and CD1 bodyparts, in the last 200ms"
Sum_euclid_distances_hull_mean_5,"The mean sum of distances between all C57 bodyparts, and CD1 bodyparst, in the last 200ms"
Sum_euclid_distances_hull_sum_5,"The sum of distances between all C57 bodyparts, and CD1 bodyparts, in the last 200ms"
Sum_euclid_distances_hull_median_6,"The median sum of distances between all C57 bodyparts, and CD1 bodyparts, in the last 166ms"
Sum_euclid_distances_hull_mean_6,"The mean sum of distances between all C57 bodyparts, and CD1 bodyparst, in the last 166ms"
Sum_euclid_distances_hull_sum_6,"The sum of distances between all C57 bodyparts, and CD1 bodyparts, in the last 166ms"
Sum_euclid_distances_hull_median_7.5,"The median sum of distances between all C57 bodyparts, and CD1 bodyparts, in the last 133ms"
Sum_euclid_distances_hull_mean_7.5,"The mean sum of distances between all C57 bodyparts, and CD1 bodyparst, in the last 133ms"
Sum_euclid_distances_hull_sum_7.5,"The sum of distances between all C57 bodyparts, and CD1 bodyparts, in the last 133ms"
Sum_euclid_distances_hull_median_15,"The median sum of distances between all C57 bodyparts, and CD1 bodyparts, in the last 66ms"
Sum_euclid_distances_hull_mean_15,"The mean sum of distances between all C57 bodyparts, and CD1 bodyparst, in the last 66ms"
Sum_euclid_distances_hull_sum_15,"The sum of distances between all C57 bodyparts, and CD1 bodyparts, in the last 66ms"
Movement_median_2,The median of CD1 and C57 centroid  movements in the last 500ms
Movement_mean_2,The mean of CD1 and C57 centroid  movements in the last 500ms
Movement_sum_2,The sum of CD1 and C57 centroid  movements in the last 500ms
Movement_median_5,The median of CD1 and C57 centroid  movements in the last 200ms
Movement_mean_5,The mean of CD1 and C57 centroid  movements in the last 200ms
Movement_sum_5,The sum of CD1 and C57 centroid  movements in the last 200ms
Movement_median_6,The median of CD1 and C57 centroid  movements in the last 166ms
Movement_mean_6,The mean of CD1 and C57 centroid  movements in the last 166ms
Movement_sum_6,The sum of CD1 and C57 centroid  movements in the last 166ms
Movement_median_7.5,The median of CD1 and C57 centroid  movements in the last 133ms
Movement_mean_7.5,The mean of CD1 and C57 centroid  movements in the last 133ms
Movement_sum_7.5,The sum of CD1 and C57 centroid  movements in the last 133ms
Movement_median_15,The median of CD1 and C57 centroid  movements in the last 66ms
Movement_mean_15,The mean of CD1 and C57 centroid  movements in the last 66ms
Movement_sum_15,The sum of CD1 and C57 centroid  movements in the last 66ms
Distance_median_2,The median CD1 and C57 centroid distances in the last 500ms
Distance_mean_2,The mean CD1 and C57 centroid distances in the last 500ms
Distance_sum_2,The sum CD1 and C57 centroid distances in the last 500ms
Distance_median_5,The median CD1 and C57 centroid distances in the last 200ms
Distance_mean_5,The mean CD1 and C57 centroid distances in the last 200ms
Distance_sum_5,The sum CD1 and C57 centroid distances in the last 200ms
Distance_median_6,The median CD1 and C57 centroid distances in the last 166ms
Distance_mean_6,The mean CD1 and C57 centroid distances in the last 166ms
Distance_sum_6,The sum CD1 and C57 centroid distances in the last 166ms
Distance_median_7.5,The median CD1 and C57 centroid distances in the last 133ms
Distance_mean_7.5,The mean CD1 and C57 centroid distances in the last 133ms
Distance_sum_7.5,The sum CD1 and C57 centroid distances in the last 133ms
Distance_median_15,The median CD1 and C57 centroid distances in the last 66ms
Distance_mean_15,The mean CD1 and C57 centroid distances in the last 66ms
Distance_sum_15,The sum CD1 and C57 centroid distances in the last 66ms
Mouse1_width_median_2,The median distances between CD1 lateral left and lateral right in the last 500ms
Mouse1_width_mean_2,The mean distances between CD1 lateral left and lateral right in the last 500ms
Mouse1_width_sum_2,The sum distance between CD1 lateral left and lateral right in the last 500ms
Mouse1_width_median_5,The median distances between CD1 lateral left and lateral right in the last 200ms
Mouse1_width_mean_5,The mean distances between CD1 lateral left and lateral right in the last 200ms
Mouse1_width_sum_5,The sum distance between CD1 lateral left and lateral right in the last 200ms
Mouse1_width_median_6,The median distances between CD1 lateral left and lateral right in the last 166ms
Mouse1_width_mean_6,The mean distances between CD1 lateral left and lateral right in the last 166ms
Mouse1_width_sum_6,The sum distance between CD1 lateral left and lateral right in the last 166ms
Mouse1_width_median_7.5,The median distances between CD1 lateral left and lateral right in the last 133ms
Mouse1_width_mean_7.5,The mean distances between CD1 lateral left and lateral right in the last 133ms
Mouse1_width_sum_7.5,The sum distance between CD1 lateral left and lateral right in the last 133ms
Mouse1_width_median_15,The median distances between CD1 lateral left and lateral right in the last 66ms
Mouse1_width_mean_15,The mean distances between CD1 lateral left and lateral right in the last 66ms
Mouse1_width_sum_15,The sum distance between CD1 lateral left and lateral right in the last 66ms
Mouse2_width_median_2,The median distances between C57 lateral left and lateral right in the last 500ms
Mouse2_width_mean_2,The mean distances between C57 lateral left and lateral right in the last 500ms
Mouse2_width_sum_2,The sum distance between C57 lateral left and lateral right in the last 500ms
Mouse2_width_median_5,The median distances between C57 lateral left and lateral right in the last 200ms
Mouse2_width_mean_5,The mean distances between C57 lateral left and lateral right in the last 200ms
Mouse2_width_sum_5,The sum distance between C57 lateral left and lateral right in the last 200ms
Mouse2_width_median_6,The median distances between C57 lateral left and lateral right in the last 166ms
Mouse2_width_mean_6,The mean distances between C57 lateral left and lateral right in the last 166ms
Mouse2_width_sum_6,The sum distance between C57 lateral left and lateral right in the last 166ms
Mouse2_width_median_7.5,The median distances between C57 lateral left and lateral right in the last 133ms
Mouse2_width_mean_7.5,The mean distances between C57 lateral left and lateral right in the last 133ms
Mouse2_width_sum_7.5,The sum distance between C57 lateral left and lateral right in the last 133ms
Mouse2_width_median_15,The median distances between C57 lateral left and lateral right in the last 66ms
Mouse2_width_mean_15,The mean distances between C57 lateral left and lateral right in the last 66ms
Mouse2_width_sum_15,The sum distance between C57 lateral left and lateral right in the last 66ms
Mouse1_mean_euclid_distances_median_2,The median of distances between CD1 bodyparts in the last 500ms
Mouse1_mean_euclid_distances_mean_2,The mean of distances between CD1 bodyparts in the last 500ms
Mouse1_mean_euclid_distances_sum_2,The sum distances between CD1 bodyparts in the last 500ms
Mouse1_mean_euclid_distances_median_5,The median of distances between CD1 bodyparts in the last 200ms
Mouse1_mean_euclid_distances_mean_5,The mean of distances between CD1 bodyparts in the last 200ms
Mouse1_mean_euclid_distances_sum_5,The sum distances between CD1 bodyparts in the last 200ms
Mouse1_mean_euclid_distances_median_6,The median of distances between CD1 bodyparts in the last 166ms
Mouse1_mean_euclid_distances_mean_6,The mean of distances between CD1 bodyparts in the last 166ms
Mouse1_mean_euclid_distances_sum_6,The sum distances between CD1 bodyparts in the last 166ms
Mouse1_mean_euclid_distances_median_7.5,The median of distances between CD1 bodyparts in the last 133ms
Mouse1_mean_euclid_distances_mean_7.5,The mean of distances between CD1 bodyparts in the last 133ms
Mouse1_mean_euclid_distances_sum_7.5,The sum distances between CD1 bodyparts in the last 133ms
Mouse1_mean_euclid_distances_median_15,The median of distances between CD1 bodyparts in the last 66ms
Mouse1_mean_euclid_distances_mean_15,The mean of distances between CD1 bodyparts in the last 66ms
Mouse1_mean_euclid_distances_sum_15,The sum distances between CD1 bodyparts in the last 66ms
Mouse2_mean_euclid_distances_median_2,The median of distances between C57 bodyparts in the last 500ms
Mouse2_mean_euclid_distances_mean_2,The mean of distances between C57 bodyparts in the last 500ms
Mouse2_mean_euclid_distances_sum_2,The sum distances between C57 bodyparts in the last 500ms
Mouse2_mean_euclid_distances_median_5,The median of distances between C57 bodyparts in the last 200ms
Mouse2_mean_euclid_distances_mean_5,The mean of distances between C57 bodyparts in the last 200ms
Mouse2_mean_euclid_distances_sum_5,The sum distances between C57 bodyparts in the last 200ms
Mouse2_mean_euclid_distances_median_6,The median of distances between C57 bodyparts in the last 166ms
Mouse2_mean_euclid_distances_mean_6,The mean of distances between C57 bodyparts in the last 166ms
Mouse2_mean_euclid_distances_sum_6,The sum distances between C57 bodyparts in the last 166ms
Mouse2_mean_euclid_distances_median_7.5,The median of distances between C57 bodyparts in the last 133ms
Mouse2_mean_euclid_distances_mean_7.5,The mean of distances between C57 bodyparts in the last 133ms
Mouse2_mean_euclid_distances_sum_7.5,The sum distances between C57 bodyparts in the last 133ms
Mouse2_mean_euclid_distances_median_15,The median of distances between C57 bodyparts in the last 66ms
Mouse2_mean_euclid_distances_mean_15,The mean of distances between C57 bodyparts in the last 66ms
Mouse2_mean_euclid_distances_sum_15,The sum distances between C57 bodyparts in the last 66ms
Mouse1_smallest_euclid_distances_median_2,The median shortest distances between CD1 bodyparts in the last 500ms
Mouse1_smallest_euclid_distances_mean_2,The mean shortest distances between CD1 bodyparts in the last 500ms
Mouse1_smallest_euclid_distances_sum_2,The sum of shortest distances between CD1 bodyparts in the last 500ms
Mouse1_smallest_euclid_distances_median_5,The median shortest distances between CD1 bodyparts in the last 200ms
Mouse1_smallest_euclid_distances_mean_5,The mean shortest distances between CD1 bodyparts in the last 200ms
Mouse1_smallest_euclid_distances_sum_5,The sum of shortest distances between CD1 bodyparts in the last 200ms
Mouse1_smallest_euclid_distances_median_6,The median shortest distances between CD1 bodyparts in the last 166ms
Mouse1_smallest_euclid_distances_mean_6,The mean shortest distances between CD1 bodyparts in the last 166ms
Mouse1_smallest_euclid_distances_sum_6,The sum of shortest distances between CD1 bodyparts in the last 166ms
Mouse1_smallest_euclid_distances_median_7.5,The median shortest distances between CD1 bodyparts in the last 133ms
Mouse1_smallest_euclid_distances_mean_7.5,The mean shortest distances between CD1 bodyparts in the last 133ms
Mouse1_smallest_euclid_distances_sum_7.5,The sum of shortest distances between CD1 bodyparts in the last 133ms
Mouse1_smallest_euclid_distances_median_15,The median shortest distances between CD1 bodyparts in the last 66ms
Mouse1_smallest_euclid_distances_mean_15,The mean shortest distances between CD1 bodyparts in the last 66ms
Mouse1_smallest_euclid_distances_sum_15,The sum of shortest distances between CD1 bodyparts in the last 66ms
Mouse2_smallest_euclid_distances_median_2,The median shortest distances between C57 bodyparts in the last 500ms
Mouse2_smallest_euclid_distances_mean_2,The mean shortest distances between C57 bodyparts in the last 500ms
Mouse2_smallest_euclid_distances_sum_2,The sum of shortest distances between C57 bodyparts in the last 500ms
Mouse2_smallest_euclid_distances_median_5,The median shortest distances between C57 bodyparts in the last 200ms
Mouse2_smallest_euclid_distances_mean_5,The mean shortest distances between C57 bodyparts in the last 200ms
Mouse2_smallest_euclid_distances_sum_5,The sum of shortest distances between C57 bodyparts in the last 200ms
Mouse2_smallest_euclid_distances_median_6,The median shortest distances between C57 bodyparts in the last 166ms
Mouse2_smallest_euclid_distances_mean_6,The mean shortest distances between C57 bodyparts in the last 166ms
Mouse2_smallest_euclid_distances_sum_6,The sum of shortest distances between C57 bodyparts in the last 166ms
Mouse2_smallest_euclid_distances_median_7.5,The median shortest distances between C57 bodyparts in the last 133ms
Mouse2_smallest_euclid_distances_mean_7.5,The mean shortest distances between C57 bodyparts in the last 133ms
Mouse2_smallest_euclid_distances_sum_7.5,The sum of shortest distances between C57 bodyparts in the last 133ms
Mouse2_smallest_euclid_distances_median_15,The median shortest distances between C57 bodyparts in the last 66ms
Mouse2_smallest_euclid_distances_mean_15,The mean shortest distances between C57 bodyparts in the last 66ms
Mouse2_smallest_euclid_distances_sum_15,The sum of shortest distances between C57 bodyparts in the last 66ms
Mouse1_largest_euclid_distances_median_2,The median longest distances between CD1 bodyparts in the last 500ms
Mouse1_largest_euclid_distances_mean_2,The mean longest distances between CD1 bodyparts in the last 500ms
Mouse1_largest_euclid_distances_sum_2,The sum of longest distances between CD1 bodyparts in the last 500ms
Mouse1_largest_euclid_distances_median_5,The median longest distances between CD1 bodyparts in the last 200ms
Mouse1_largest_euclid_distances_mean_5,The mean longest distances between CD1 bodyparts in the last 200ms
Mouse1_largest_euclid_distances_sum_5,The sum of longest distances between CD1 bodyparts in the last 200ms
Mouse1_largest_euclid_distances_median_6,The median longest distances between CD1 bodyparts in the last 166ms
Mouse1_largest_euclid_distances_mean_6,The mean longest distances between CD1 bodyparts in the last 166ms
Mouse1_largest_euclid_distances_sum_6,The sum of longest distances between CD1 bodyparts in the last 166ms
Mouse1_largest_euclid_distances_median_7.5,The median longest distances between CD1 bodyparts in the last 133ms
Mouse1_largest_euclid_distances_mean_7.5,The mean longest distances between CD1 bodyparts in the last 133ms
Mouse1_largest_euclid_distances_sum_7.5,The sum of longest distances between CD1 bodyparts in the last 133ms
Mouse1_largest_euclid_distances_median_15,The median longest distances between CD1 bodyparts in the last 66ms
Mouse1_largest_euclid_distances_mean_15,The mean longest distances between CD1 bodyparts in the last 66ms
Mouse1_largest_euclid_distances_sum_15,The sum of longest distances between CD1 bodyparts in the last 66ms
Mouse2_largest_euclid_distances_median_2,The median longest distances between C57 bodyparts in the last 500ms
Mouse2_largest_euclid_distances_mean_2,The mean longest distances between C57 bodyparts in the last 500ms
Mouse2_largest_euclid_distances_sum_2,The sum of longest distances between C57 bodyparts in the last 500ms
Mouse2_largest_euclid_distances_median_5,The median longest distances between C57 bodyparts in the last 200ms
Mouse2_largest_euclid_distances_mean_5,The mean longest distances between C57 bodyparts in the last 200ms
Mouse2_largest_euclid_distances_sum_5,The sum of longest distances between C57 bodyparts in the last 200ms
Mouse2_largest_euclid_distances_median_6,The median longest distances between C57 bodyparts in the last 166ms
Mouse2_largest_euclid_distances_mean_6,The mean longest distances between C57 bodyparts in the last 166ms
Mouse2_largest_euclid_distances_sum_6,The sum of longest distances between C57 bodyparts in the last 166ms
Mouse2_largest_euclid_distances_median_7.5,The median longest distances between C57 bodyparts in the last 133ms
Mouse2_largest_euclid_distances_mean_7.5,The mean longest distances between C57 bodyparts in the last 133ms
Mouse2_largest_euclid_distances_sum_7.5,The sum of longest distances between C57 bodyparts in the last 133ms
Mouse2_largest_euclid_distances_median_15,The median longest distances between C57 bodyparts in the last 66ms
Mouse2_largest_euclid_distances_mean_15,The mean longest distances between C57 bodyparts in the last 66ms
Mouse2_largest_euclid_distances_sum_15,The sum of longest distances between C57 bodyparts in the last 66ms
Total_movement_all_bodyparts_both_mice_median_2,Median of all CD1 and C57 bodypart movements in the last 500ms
Total_movement_all_bodyparts_both_mice_mean_2,Mean of all CD1 and C57 bodypart movements in the last 500ms
Total_movement_all_bodyparts_both_mice_sum_2,Sum of all CD1 and C57 bodypart movements in the last 500ms
Total_movement_all_bodyparts_both_mice_median_5,Median of all CD1 and C57 bodypart movements in the last 200ms
Total_movement_all_bodyparts_both_mice_mean_5,Mean of all CD1 and C57 bodypart movements in the last 200ms
Total_movement_all_bodyparts_both_mice_sum_5,Sum of all CD1 and C57 bodypart movements in the last 200ms
Total_movement_all_bodyparts_both_mice_median_6,Median of all CD1 and C57 bodypart movements in the last 166ms
Total_movement_all_bodyparts_both_mice_mean_6,Mean of all CD1 and C57 bodypart movements in the last 166ms
Total_movement_all_bodyparts_both_mice_sum_6,Sum of all CD1 and C57 bodypart movements in the last 166ms
Total_movement_all_bodyparts_both_mice_median_7.5,Median of all CD1 and C57 bodypart movements in the last 133ms
Total_movement_all_bodyparts_both_mice_mean_7.5,Mean of all CD1 and C57 bodypart movements in the last 133ms
Total_movement_all_bodyparts_both_mice_sum_7.5,Sum of all CD1 and C57 bodypart movements in the last 133ms
Total_movement_all_bodyparts_both_mice_median_15,Median of all CD1 and C57 bodypart movements in the last 66ms
Total_movement_all_bodyparts_both_mice_mean_15,Mean of all CD1 and C57 bodypart movements in the last 66ms
Total_movement_all_bodyparts_both_mice_sum_15,Sum of all CD1 and C57 bodypart movements in the last 66ms
Total_movement_centroids_median_2,Median of all CD1 and C57 centroid movements in the last 500ms
Total_movement_centroids_mean_2,Mean of all CD1 and C57 centroid movements in the last 500ms
Total_movement_centroids_sum_2,Sum of all CD1 and C57 centroid movements in the last 500ms
Total_movement_centroids_median_5,Median of all CD1 and C57 centroid movements in the last 200ms
Total_movement_centroids_mean_5,Mean of all CD1 and C57 centroid movements in the last 200ms
Total_movement_centroids_sum_5,Sum of all CD1 and C57 centroid movements in the last 200ms
Total_movement_centroids_median_6,Median of all CD1 and C57 centroid movements in the last 166ms
Total_movement_centroids_mean_6,Mean of all CD1 and C57 centroid movements in the last 166ms
Total_movement_centroids_sum_6,Sum of all CD1 and C57 centroid movements in the last 166ms
Total_movement_centroids_median_7.5,Median of all CD1 and C57 centroid movements in the last 133ms
Total_movement_centroids_mean_7.5,Mean of all CD1 and C57 centroid movements in the last 133ms
Total_movement_centroids_sum_7.5,Sum of all CD1 and C57 centroid movements in the last 133ms
Total_movement_centroids_median_15,Median of all CD1 and C57 centroid movements in the last 66ms
Total_movement_centroids_mean_15,Mean of all CD1 and C57 centroid movements in the last 66ms
Total_movement_centroids_sum_15,Sum of all CD1 and C57 centroid movements in the last 66ms
Tail_base_movement_M1_median_2,Median movement of the CD1 tail base in the last 500ms
Tail_base_movement_M1_mean_2,Mean movement of the CD1 tail base in the last 500ms
Tail_base_movement_M1_sum_2,Sum movement of the CD1 tail base in the last 500ms
Tail_base_movement_M1_median_5,Median movement of the CD1 tail base in the last 200ms
Tail_base_movement_M1_mean_5,Mean movement of the CD1 tail base in the last 200ms
Tail_base_movement_M1_sum_5,Sum movement of the CD1 tail base in the last 200ms
Tail_base_movement_M1_median_6,Median movement of the CD1 tail base in the last 166ms
Tail_base_movement_M1_mean_6,Mean movement of the CD1 tail base in the last 166ms
Tail_base_movement_M1_sum_6,Sum movement of the CD1 tail base in the last 166ms
Tail_base_movement_M1_median_7.5,Median movement of the CD1 tail base in the last 133ms
Tail_base_movement_M1_mean_7.5,Mean movement of the CD1 tail base in the last 133ms
Tail_base_movement_M1_sum_7.5,Sum movement of the CD1 tail base in the last 133ms
Tail_base_movement_M1_median_15,Median movement of the CD1 tail base in the last 66ms
Tail_base_movement_M1_mean_15,Mean movement of the CD1 tail base in the last 66ms
Tail_base_movement_M1_sum_15,Sum movement of the CD1 tail base in the last 66ms
Tail_base_movement_M2_median_2,Median movement of the C57 tail base in the last 500ms
Tail_base_movement_M2_mean_2,Mean movement of the C57 tail base in the last 500ms
Tail_base_movement_M2_sum_2,Sum movement of the C57 tail base in the last 500ms
Tail_base_movement_M2_median_5,Median movement of the C57 tail base in the last 200ms
Tail_base_movement_M2_mean_5,Mean movement of the C57 tail base in the last 200ms
Tail_base_movement_M2_sum_5,Sum movement of the C57 tail base in the last 200ms
Tail_base_movement_M2_median_6,Median movement of the C57 tail base in the last 166ms
Tail_base_movement_M2_mean_6,Mean movement of the C57 tail base in the last 166ms
Tail_base_movement_M2_sum_6,Sum movement of the C57 tail base in the last 166ms
Tail_base_movement_M2_median_7.5,Median movement of the C57 tail base in the last 133ms
Tail_base_movement_M2_mean_7.5,Mean movement of the C57 tail base in the last 133ms
Tail_base_movement_M2_sum_7.5,Sum movement of the C57 tail base in the last 133ms
Tail_base_movement_M2_median_15,Median movement of the C57 tail base in the last 66ms
Tail_base_movement_M2_mean_15,Mean movement of the C57 tail base in the last 66ms
Tail_base_movement_M2_sum_15,Sum movement of the C57 tail base in the last 66ms
Centroid_movement_M1_median_2,Median movement of the CD1 centroid in the last 500ms
Centroid_movement_M1_mean_2,Mean movement of the CD1 centroid in the last 500ms
Centroid_movement_M1_sum_2,Sum movement of the CD1 centroid in the last 500ms
Centroid_movement_M1_median_5,Median movement of the CD1 centroid in the last 200ms
Centroid_movement_M1_mean_5,Mean movement of the CD1 centroid in the last 200ms
Centroid_movement_M1_sum_5,Sum movement of the CD1 centroid in the last 200ms
Centroid_movement_M1_median_6,Median movement of the CD1 centroid in the last 166ms
Centroid_movement_M1_mean_6,Mean movement of the CD1 centroid in the last 166ms
Centroid_movement_M1_sum_6,Sum movement of the CD1 centroid in the last 166ms
Centroid_movement_M1_median_7.5,Median movement of the CD1 centroid in the last 133ms
Centroid_movement_M1_mean_7.5,Mean movement of the CD1 centroid in the last 133ms
Centroid_movement_M1_sum_7.5,Sum movement of the CD1 centroid in the last 133ms
Centroid_movement_M1_median_15,Median movement of the CD1 centroid in the last 66ms
Centroid_movement_M1_mean_15,Mean movement of the CD1 centroid in the last 66ms
Centroid_movement_M1_sum_15,Sum movement of the CD1 centroid in the last 66ms
Centroid_movement_M2_median_2,Median movement of the C57 centroid in the last 500ms
Centroid_movement_M2_mean_2,Mean movement of the C57 centroid in the last 500ms
Centroid_movement_M2_sum_2,Sum movement of the C57 centroid in the last 500ms
Centroid_movement_M2_median_5,Median movement of the C57 centroid in the last 200ms
Centroid_movement_M2_mean_5,Mean movement of the C57 centroid in the last 200ms
Centroid_movement_M2_sum_5,Sum movement of the C57 centroid in the last 200ms
Centroid_movement_M2_median_6,Median movement of the C57 centroid in the last 166ms
Centroid_movement_M2_mean_6,Mean movement of the C57 centroid in the last 166ms
Centroid_movement_M2_sum_6,Sum movement of the C57 centroid in the last 166ms
Centroid_movement_M2_median_7.5,Median movement of the C57 centroid in the last 133ms
Centroid_movement_M2_mean_7.5,Mean movement of the C57 centroid in the last 133ms
Centroid_movement_M2_sum_7.5,Sum movement of the C57 centroid in the last 133ms
Centroid_movement_M2_median_15,Median movement of the C57 centroid in the last 66ms
Centroid_movement_M2_mean_15,Mean movement of the C57 centroid in the last 66ms
Centroid_movement_M2_sum_15,Sum movement of the C57 centroid in the last 66ms
Tail_end_movement_M1_median_2,Median movement of the CD1 tail end in the last 500ms
Tail_end_movement_M1_mean_2,Mean movement of the CD1 tail end in the last 500ms
Tail_end_movement_M1_sum_2,Sum movement of the CD1 tail end in the last 500ms
Tail_end_movement_M1_median_5,Median movement of the CD1 tail end in the last 200ms
Tail_end_movement_M1_mean_5,Mean movement of the CD1 tail end in the last 200ms
Tail_end_movement_M1_sum_5,Sum movement of the CD1 tail end in the last 200ms
Tail_end_movement_M1_median_6,Median movement of the CD1 tail end in the last 166ms
Tail_end_movement_M1_mean_6,Mean movement of the CD1 tail end in the last 166ms
Tail_end_movement_M1_sum_6,Sum movement of the CD1 tail end in the last 166ms
Tail_end_movement_M1_median_7.5,Median movement of the CD1 tail end in the last 133ms
Tail_end_movement_M1_mean_7.5,Mean movement of the CD1 tail end in the last 133ms
Tail_end_movement_M1_sum_7.5,Sum movement of the CD1 tail end in the last 133ms
Tail_end_movement_M1_median_15,Median movement of the CD1 tail end in the last 66ms
Tail_end_movement_M1_mean_15,Mean movement of the CD1 tail end in the last 66ms
Tail_end_movement_M1_sum_15,Sum movement of the CD1 tail end in the last 66ms
Tail_end_movement_M2_median_2,Median movement of the C57 tail end in the last 500ms
Tail_end_movement_M2_mean_2,Mean movement of the C57 tail end in the last 500ms
Tail_end_movement_M2_sum_2,Sum movement of the C57 tail end in the last 500ms
Tail_end_movement_M2_median_5,Median movement of the C57 tail end in the last 200ms
Tail_end_movement_M2_mean_5,Mean movement of the C57 tail end in the last 200ms
Tail_end_movement_M2_sum_5,Sum movement of the C57 tail end in the last 200ms
Tail_end_movement_M2_median_6,Median movement of the C57 tail end in the last 166ms
Tail_end_movement_M2_mean_6,Mean movement of the C57 tail end in the last 166ms
Tail_end_movement_M2_sum_6,Sum movement of the C57 tail end in the last 166ms
Tail_end_movement_M2_median_7.5,Median movement of the C57 tail end in the last 133ms
Tail_end_movement_M2_mean_7.5,Mean movement of the C57 tail end in the last 133ms
Tail_end_movement_M2_sum_7.5,Sum movement of the C57 tail end in the last 133ms
Tail_end_movement_M2_median_15,Median movement of the C57 tail end in the last 66ms
Tail_end_movement_M2_mean_15,Mean movement of the C57 tail end in the last 66ms
Tail_end_movement_M2_sum_15,Sum movement of the C57 tail end in the last 66ms
Nose_movement_M1_median_2,Median movement of the CD1 nose in the last 500ms
Nose_movement_M1_mean_2,Mean movement of the CD1 nose in the last 500ms
Nose_movement_M1_sum_2,Sum movement of the CD1 nose in the last 500ms
Nose_movement_M1_median_5,Median movement of the CD1 nose in the last 200ms
Nose_movement_M1_mean_5,Mean movement of the CD1 nose in the last 200ms
Nose_movement_M1_sum_5,Sum movement of the CD1 nose in the last 200ms
Nose_movement_M1_median_6,Median movement of the CD1 nose in the last 166ms
Nose_movement_M1_mean_6,Mean movement of the CD1 nose in the last 166ms
Nose_movement_M1_sum_6,Sum movement of the CD1 nose in the last 166ms
Nose_movement_M1_median_7.5,Median movement of the CD1 nose in the last 133ms
Nose_movement_M1_mean_7.5,Mean movement of the CD1 nose in the last 133ms
Nose_movement_M1_sum_7.5,Sum movement of the CD1 nose in the last 133ms
Nose_movement_M1_median_15,Median movement of the CD1 nose in the last 66ms
Nose_movement_M1_mean_15,Mean movement of the CD1 nose in the last 66ms
Nose_movement_M1_sum_15,Sum movement of the CD1 nose in the last 66ms
Nose_movement_M2_median_2,Median movement of the C57 nose in the last 500ms
Nose_movement_M2_mean_2,Mean movement of the C57 nose in the last 500ms
Nose_movement_M2_sum_2,Sum movement of the C57 nose in the last 500ms
Nose_movement_M2_median_5,Median movement of the C57 nose in the last 200ms
Nose_movement_M2_mean_5,Mean movement of the C57 nose in the last 200ms
Nose_movement_M2_sum_5,Sum movement of the C57 nose in the last 200ms
Nose_movement_M2_median_6,Median movement of the C57 nose in the last 166ms
Nose_movement_M2_mean_6,Mean movement of the C57 nose in the last 166ms
Nose_movement_M2_sum_6,Sum movement of the C57 nose in the last 166ms
Nose_movement_M2_median_7.5,Median movement of the C57 nose in the last 133ms
Nose_movement_M2_mean_7.5,Mean movement of the C57 nose in the last 133ms
Nose_movement_M2_sum_7.5,Sum movement of the C57 nose in the last 133ms
Nose_movement_M2_median_15,Median movement of the C57 nose in the last 66ms
Nose_movement_M2_mean_15,Mean movement of the C57 nose in the last 66ms
Nose_movement_M2_sum_15,Sum movement of the C57 nose in the last 66ms
Tail_end_relative_to_tail_base_centroid_nose,Tail end movement - (tail base movement + centroid movement + nose movement) of CD1
Tail_end_relative_to_tail_base_centroid_nose_M1_2,Mean of CD1 tail end movement - (tail base movement + centroid movement + nose movement) in last 500ms
Tail_end_relative_to_tail_base_centroid_nose_M2_mean_2,Mean of C57 tail end movement - (tail base movement + centroid movement + nose movement) in last 500ms
Tail_end_relative_to_tail_base_centroid_nose_M1_5,Mean of CD1 tail end movement - (tail base movement + centroid movement + nose movement) in last 200ms
Tail_end_relative_to_tail_base_centroid_nose_M2_mean_5,Mean of C57 tail end movement - (tail base movement + centroid movement + nose movement) in last 200ms
Tail_end_relative_to_tail_base_centroid_nose_M1_6,Mean of CD1 tail end movement - (tail base movement + centroid movement + nose movement) in last 166ms
Tail_end_relative_to_tail_base_centroid_nose_M2_mean_6,Mean of C57 tail end movement - (tail base movement + centroid movement + nose movement) in last 166ms
Tail_end_relative_to_tail_base_centroid_nose_M1_7.5,Mean of CD1 tail end movement - (tail base movement + centroid movement + nose movement) in last 133ms
Tail_end_relative_to_tail_base_centroid_nose_M2_mean_7.5,Mean of C57 tail end movement - (tail base movement + centroid movement + nose movement) in last 133ms
Tail_end_relative_to_tail_base_centroid_nose_M1_15,Mean of CD1 tail end movement - (tail base movement + centroid movement + nose movement) in last 66ms
Tail_end_relative_to_tail_base_centroid_nose_M2_mean_15,Mean of C57 tail end movement - (tail base movement + centroid movement + nose movement) in last 66ms
Mouse_1_angle,"The body angle in degrees (using the CD1 tail-base, centroid, and nose coordinates)"
Mouse_2_angle,"The body angle in degrees (using the C57 tail-base, centroid, and nose coordinates)"
Total_angle_both_mice,The summed angles of the two animals 
Total_angle_both_mice_2,The summed angles of the two animals in the last 500ms
Total_angle_both_mice_5,The summed angles of the two animals in the last 200ms
Total_angle_both_mice_6,The summed angles of the two animals in the last 166ms
Total_angle_both_mice_7.5,The summed angles of the two animals in the last 133ms
Total_angle_both_mice_15,The summed angles of the two animals in the last 66ms
Total_movement_all_bodyparts_both_mice_deviation,The standard deviation of all bodypart movements from the mean
Sum_euclid_distances_hull_deviation,The standard deviation of the sum convex hull distances from the mean
M1_smallest_euclid_distances_hull_deviation,The standard deviation of the shortest CD1 convex hull distance from the mean
M1_largest_euclid_distances_hull_deviation,The standard deviation of the longest CD1 convex hull distance from the mean
M1_mean_euclid_distances_hull_deviation,The standard deviation of the frame mean CD1 convex hull distance from the mean
Centroid_distance_deviation,The standard deviation of the CD1 and C57 centroid distance from the mean
Total_angle_both_mice_deviation,The standard deviation of the sum CD1 and C57 body angles from the mean
Movement_mouse_1_deviation_centroid,The standard deviation of the CD1 centroid movement from the mean
Movement_mouse_2_deviation_centroid,The standard deviation of the C57 centroid movement from the mean
Mouse_1_polygon_deviation,The standard deviation of CD1 convex hull area from the mean
Mouse_2_polygon_deviation,The standard deviation of C57 convex hull area from the mean
Total_movement_all_bodyparts_both_mice_mean_2_deviation,The standard deviation of all bodypart movements from the mean in 500ms bins
Total_movement_all_bodyparts_both_mice_mean_5_deviation,The standard deviation of all bodypart movements from the mean in 200ms bins
Total_movement_all_bodyparts_both_mice_mean_6_deviation,The standard deviation of all bodypart movements from the mean in 166ms bins
Total_movement_all_bodyparts_both_mice_mean_7.5_deviation,The standard deviation of all bodypart movements from the mean in 133ms bins
Total_movement_all_bodyparts_both_mice_mean_15_deviation,The standard deviation of all bodypart movements from the mean in 66ms bins
Sum_euclid_distances_hull_mean_2_deviation,The standard deviation of the sum convex hull distances from the sum in 500ms bins
Sum_euclid_distances_hull_mean_5_deviation,The standard deviation of the sum convex hull distances from the sum in 200ms bins
Sum_euclid_distances_hull_mean_6_deviation,The standard deviation of the sum convex hull distances from the sum in 166ms bins
Sum_euclid_distances_hull_mean_7.5_deviation,The standard deviation of the sum convex hull distances from the sum in 133ms bins
Sum_euclid_distances_hull_mean_15_deviation,The standard deviation of the sum convex hull distances from the sum in 66ms bins
Mouse1_smallest_euclid_distances_mean_2_deviation,The standard deviation of the mean of the shortest convex hull distances from the mean in 500ms bins
Mouse1_smallest_euclid_distances_mean_5_deviation,The standard deviation of the mean of the shortest convex hull distances from the mean in 200ms bins
Mouse1_smallest_euclid_distances_mean_6_deviation,The standard deviation of the mean of the shortest convex hull distances from the mean in 166ms bins
Mouse1_smallest_euclid_distances_mean_7.5_deviation,The standard deviation of the mean of the shortest convex hull distances from the mean in 133ms bins
Mouse1_smallest_euclid_distances_mean_15_deviation,The standard deviation of the mean of the shortest convex hull distances from the mean in 66ms bins
Mouse1_largest_euclid_distances_mean_2_deviation,The standard deviation of the mean of the longest convex hull distances from the mean in 500ms bins
Mouse1_largest_euclid_distances_mean_5_deviation,The standard deviation of the mean of the longest convex hull distances from the mean in 200ms bins
Mouse1_largest_euclid_distances_mean_6_deviation,The standard deviation of the mean of the longest convex hull distances from the mean in 166ms bins
Mouse1_largest_euclid_distances_mean_7.5_deviation,The standard deviation of the mean of the longest convex hull distances from the mean in 133ms bins
Mouse1_largest_euclid_distances_mean_15_deviation,The standard deviation of the mean of the longest convex hull distances from the mean in 66ms bins
Mouse1_mean_euclid_distances_mean_2_deviation,The standard deviation of the mean convex hull distance from the mean in 500ms bins
Mouse1_mean_euclid_distances_mean_5_deviation,The standard deviation of the mean convex hull distance from the mean in 200ms bins
Mouse1_mean_euclid_distances_mean_6_deviation,The standard deviation of the mean convex hull distance from the mean in 166ms bins
Mouse1_mean_euclid_distances_mean_7.5_deviation,The standard deviation of the mean convex hull distance from the mean in 133ms bins
Mouse1_mean_euclid_distances_mean_15_deviation,The standard deviation of the mean convex hull distance from the mean in 66ms bins
Movement_mean_2_deviation,Standard deviation of total movement of all body parts from the mean in 500ms bins
Movement_mean_5_deviation,Standard deviation of total movement of all body parts from the mean in 200ms bins
Movement_mean_6_deviation,Standard deviation of total movement of all body parts from the mean in 166ms bins
Movement_mean_7.5_deviation,Standard deviation of total movement of all body parts from the mean in 133ms bins
Movement_mean_15_deviation,Standard deviation of total movement of all body parts from the mean in 66ms bins
Distance_mean_2_deviation,Standard deviation of CD1 and C57 centroid distances in 500ms bins
Distance_mean_5_deviation,Standard deviation of CD1 and C57 centroid distances in 200ms bins
Distance_mean_6_deviation,Standard deviation of CD1 and C57 centroid distances in 166ms bins
Distance_mean_7.5_deviation,Standard deviation of CD1 and C57 centroid distances in 133ms bins
Distance_mean_15_deviation,Standard deviation of CD1 and C57 centroid distances in 66ms bins
Total_angle_both_mice_2_deviation,Standard deviation of the summed CD1 and C57 body angles in 500ms bins
Total_angle_both_mice_5_deviation,Standard deviation of the summed CD1 and C57 body angles in 200ms bins
Total_angle_both_mice_6_deviation,Standard deviation of the summed CD1 and C57 body angles in 166ms bins
Total_angle_both_mice_7.5_deviation,Standard deviation of the summed CD1 and C57 body angles in 133ms bins
Total_angle_both_mice_15_deviation,Standard deviation of the summed CD1 and C57 body angles in 66ms bins
Movement_percentile_rank,Percentile rank of summed CD1 and C57 centroid movement
Distance_percentile_rank,Percentile rank of summed CD1 and C57 summed body part distances
Movement_mouse_1_percentile_rank,Percentile rank of CD1 centroid movement
Movement_mouse_2_percentile_rank,Percentile rank of C57 centroid movement
Movement_mouse_1_deviation_percentile_rank,Percentile rank of the CD1 standard deviation centroid movement
Movement_mouse_2_deviation_percentile_rank,Percentile rank of the C57 standard deviation centroid movement
Centroid_distance_percentile_rank,Percentile rank of summed CD1 and C57 standard deviation of centroid distance
Centroid_distance_deviation_percentile_rank,Percentile rank of summed CD1 and C57 centroid distances
Total_movement_all_bodyparts_both_mice_mean_2_percentile_rank,Percentile rank of all body part movements in 500ms bins
Total_movement_all_bodyparts_both_mice_mean_5_percentile_rank,Percentile rank of all body part movements in 200ms bins
Total_movement_all_bodyparts_both_mice_mean_6_percentile_rank,Percentile rank of all body part movements in 166ms bins
Total_movement_all_bodyparts_both_mice_mean_7.5_percentile_rank,Percentile rank of all body part movements in 133ms bins
Total_movement_all_bodyparts_both_mice_mean_15_percentile_rank,Percentile rank of all body part movements in 66ms bins
Sum_euclid_distances_hull_mean_2_percentile_rank,Standard deviation of sum of distances in CD1 and C57 convex hulls in 500ms bins
Sum_euclid_distances_hull_mean_5_percentile_rank,Standard deviation of sum of distances in CD1 and C57 convex hulls in 200ms bins
Sum_euclid_distances_hull_mean_6_percentile_rank,Standard deviation of sum of distances in CD1 and C57 convex hulls in 166ms bins
Sum_euclid_distances_hull_mean_7.5_percentile_rank,Standard deviation of sum of distances in CD1 and C57 convex hulls in 133ms bins
Sum_euclid_distances_hull_mean_15_percentile_rank,Standard deviation of sum of distances in CD1 and C57 convex hulls in 66ms bins
Mouse1_mean_euclid_distances_mean_2_percentile_rank,Percentile rank of the mean CD1 distance in convex hull in 500ms bins
Mouse1_mean_euclid_distances_mean_5_percentile_rank,Percentile rank of the mean CD1 distance in convex hull in 200ms bins
Mouse1_mean_euclid_distances_mean_6_percentile_rank,Percentile rank of the mean CD1 distance in convex hull in 166ms bins
Mouse1_mean_euclid_distances_mean_7.5_percentile_rank,Percentile rank of the mean CD1 distance in convex hull in 133ms bins
Mouse1_mean_euclid_distances_mean_15_percentile_rank,Percentile rank of the mean CD1 distance in convex hull in 66ms bins
Mouse1_smallest_euclid_distances_mean_2_percentile_rank,Percentile rank of the shortest CD1 distance in convex hull in 500ms bins
Mouse1_smallest_euclid_distances_mean_5_percentile_rank,Percentile rank of the shortest CD1 distance in convex hull in 200ms bins
Mouse1_smallest_euclid_distances_mean_6_percentile_rank,Percentile rank of the shortest CD1 distance in convex hull in 166ms bins
Mouse1_smallest_euclid_distances_mean_7.5_percentile_rank,Percentile rank of the shortest CD1 distance in convex hull in 133ms bins
Mouse1_smallest_euclid_distances_mean_15_percentile_rank,Percentile rank of the shortest CD1 distance in convex hull in 66ms bins
Mouse1_largest_euclid_distances_mean_2_percentile_rank,Percentile rank of the longest CD1 distance in convex hull in 500ms bins
Mouse1_largest_euclid_distances_mean_5_percentile_rank,Percentile rank of the longest CD1 distance in convex hull in 200ms bins
Mouse1_largest_euclid_distances_mean_6_percentile_rank,Percentile rank of the longest CD1 distance in convex hull in 166ms bins
Mouse1_largest_euclid_distances_mean_7.5_percentile_rank,Percentile rank of the longest CD1 distance in convex hull in 133ms bins
Mouse1_largest_euclid_distances_mean_15_percentile_rank,Percentile rank of the longest CD1 distance in convex hull in 66ms bins
Movement_mean_2_percentile_rank,Percentile rank of summed centroid body part movements in 500ms bins
Movement_mean_5_percentile_rank,Percentile rank of summed centroid body part movements in 200ms bins
Movement_mean_6_percentile_rank,Percentile rank of summed centroid body part movements in 166ms bins
Movement_mean_7.5_percentile_rank,Percentile rank of summed centroid body part movements in 133ms bins
Movement_mean_15_percentile_rank,Percentile rank of summed centroid body part movements in 66ms bins
Distance_mean_2_percentile_rank,Percentile rank of CD1 and C57 centroid distance in 500ms bins
Distance_mean_5_percentile_rank,Percentile rank of CD1 and C57 centroid distance in 200ms bins
Distance_mean_6_percentile_rank,Percentile rank of CD1 and C57 centroid distance in 166ms bins
Distance_mean_7.5_percentile_rank,Percentile rank of CD1 and C57 centroid distance in 133ms bins
Distance_mean_15_percentile_rank,Percentile rank of CD1 and C57 centroid distance in 66ms bins
Tortuosity_Mouse1_2,Tortuosity of CD1 trajectory in last 500ms
Tortuosity_Mouse1_5,Tortuosity of CD1 trajectory in last 200ms
Tortuosity_Mouse1_6,Tortuosity of CD1 trajectory in last 166ms
Tortuosity_Mouse1_7.5,Tortuosity of CD1 trajectory in last 133ms
Tortuosity_Mouse1_15,Tortuosity of CD1 trajectory in last 66ms
Sum_probabilities,The sum of DLC probability for all tracked body parts in frame
Sum_probabilities_deviation,Standard deviation of sum of DLC probabilities for all tracked body-parts
Sum_probabilities_deviation_percentile_rank,The percentile rank of deviation of DLC probabilities for all tracked body-parts
Sum_probabilities_percentile_rank,The percentile rank of DLC probabilities for all tracked body-parts
Low_prob_detections_0.1,Number of DLC probabilities lower than 0.1
Low_prob_detections_0.5,Number of DLC probabilities lower than 0.5
Low_prob_detections_0.75,Number of DLC probabilities lower than 0.75
