"","FRAME_IDX","VIDEO"
"0",0,"Together_2"
"1",1,"Together_2"
"2",2,"Together_2"
"3",3,"Together_2"
"4",4,"Together_2"
"5",5,"Together_2"
"6",6,"Together_2"
"7",8,"Together_2"
"8",10,"Together_2"
"9",11,"Together_2"
"10",12,"Together_2"
"11",13,"Together_2"
"12",14,"Together_2"
"13",15,"Together_2"
"14",16,"Together_2"
"15",17,"Together_2"
"16",18,"Together_2"
"17",19,"Together_2"
"18",20,"Together_2"
"19",23,"Together_2"
"20",24,"Together_2"
"21",25,"Together_2"
"22",26,"Together_2"
"23",27,"Together_2"
"24",28,"Together_2"
"25",29,"Together_2"
"26",30,"Together_2"
"27",31,"Together_2"
"28",33,"Together_2"
"29",34,"Together_2"
"30",35,"Together_2"
"31",37,"Together_2"
"32",40,"Together_2"
"33",41,"Together_2"
"34",42,"Together_2"
"35",43,"Together_2"
"36",44,"Together_2"
"37",45,"Together_2"
"38",46,"Together_2"
"39",47,"Together_2"
"40",48,"Together_2"
"41",49,"Together_2"
"42",50,"Together_2"
"43",51,"Together_2"
"44",52,"Together_2"
"45",53,"Together_2"
"46",54,"Together_2"
"47",58,"Together_2"
"48",60,"Together_2"
"49",62,"Together_2"
"50",63,"Together_2"
"51",65,"Together_2"
"52",66,"Together_2"
"53",67,"Together_2"
"54",68,"Together_2"
"55",69,"Together_2"
"56",70,"Together_2"
"57",71,"Together_2"
"58",72,"Together_2"
"59",74,"Together_2"
"60",75,"Together_2"
"61",77,"Together_2"
"62",78,"Together_2"
"63",79,"Together_2"
"64",80,"Together_2"
"65",81,"Together_2"
"66",82,"Together_2"
"67",83,"Together_2"
"68",84,"Together_2"
"69",85,"Together_2"
"70",86,"Together_2"
"71",87,"Together_2"
"72",88,"Together_2"
"73",89,"Together_2"
"74",90,"Together_2"
"75",91,"Together_2"
"76",92,"Together_2"
"77",93,"Together_2"
"78",94,"Together_2"
"79",95,"Together_2"
"80",96,"Together_2"
"81",97,"Together_2"
"82",99,"Together_2"
"83",100,"Together_2"
"84",101,"Together_2"
"85",102,"Together_2"
"86",103,"Together_2"
"87",104,"Together_2"
"88",106,"Together_2"
"89",107,"Together_2"
"90",108,"Together_2"
"91",109,"Together_2"
"92",110,"Together_2"
"93",111,"Together_2"
"94",112,"Together_2"
"95",113,"Together_2"
"96",115,"Together_2"
"97",116,"Together_2"
"98",117,"Together_2"
"99",119,"Together_2"
"100",120,"Together_2"
"101",121,"Together_2"
"102",122,"Together_2"
"103",123,"Together_2"
"104",124,"Together_2"
"105",126,"Together_2"
"106",127,"Together_2"
"107",129,"Together_2"
"108",130,"Together_2"
"109",131,"Together_2"
"110",132,"Together_2"
"111",133,"Together_2"
"112",136,"Together_2"
"113",137,"Together_2"
"114",138,"Together_2"
"115",139,"Together_2"
"116",140,"Together_2"
"117",143,"Together_2"
"118",144,"Together_2"
"119",145,"Together_2"
"120",146,"Together_2"
"121",147,"Together_2"
"122",148,"Together_2"
"123",149,"Together_2"
"124",150,"Together_2"
"125",151,"Together_2"
"126",152,"Together_2"
"127",154,"Together_2"
"128",155,"Together_2"
"129",156,"Together_2"
"130",158,"Together_2"
"131",160,"Together_2"
"132",161,"Together_2"
"133",162,"Together_2"
"134",163,"Together_2"
"135",164,"Together_2"
"136",165,"Together_2"
"137",166,"Together_2"
"138",167,"Together_2"
"139",168,"Together_2"
"140",171,"Together_2"
"141",172,"Together_2"
"142",173,"Together_2"
"143",174,"Together_2"
"144",175,"Together_2"
"145",178,"Together_2"
"146",179,"Together_2"
"147",181,"Together_2"
"148",182,"Together_2"
"149",183,"Together_2"
"150",184,"Together_2"
"151",187,"Together_2"
"152",188,"Together_2"
"153",189,"Together_2"
"154",190,"Together_2"
"155",192,"Together_2"
"156",194,"Together_2"
"157",195,"Together_2"
"158",197,"Together_2"
"159",198,"Together_2"
"160",199,"Together_2"
"161",200,"Together_2"
"162",201,"Together_2"
"163",202,"Together_2"
"164",204,"Together_2"
"165",206,"Together_2"
"166",207,"Together_2"
"167",208,"Together_2"
"168",209,"Together_2"
"169",210,"Together_2"
"170",211,"Together_2"
"171",212,"Together_2"
"172",213,"Together_2"
"173",214,"Together_2"
"174",215,"Together_2"
"175",217,"Together_2"
"176",218,"Together_2"
"177",219,"Together_2"
"178",220,"Together_2"
"179",222,"Together_2"
"180",223,"Together_2"
"181",225,"Together_2"
"182",226,"Together_2"
"183",227,"Together_2"
"184",228,"Together_2"
"185",230,"Together_2"
"186",231,"Together_2"
"187",232,"Together_2"
"188",234,"Together_2"
"189",235,"Together_2"
"190",236,"Together_2"
"191",237,"Together_2"
"192",238,"Together_2"
"193",239,"Together_2"
"194",240,"Together_2"
"195",241,"Together_2"
"196",242,"Together_2"
"197",243,"Together_2"
"198",244,"Together_2"
"199",245,"Together_2"
"200",246,"Together_2"
"201",248,"Together_2"
"202",250,"Together_2"
"203",251,"Together_2"
"204",252,"Together_2"
"205",254,"Together_2"
"206",255,"Together_2"
"207",256,"Together_2"
"208",257,"Together_2"
"209",258,"Together_2"
"210",259,"Together_2"
"211",260,"Together_2"
"212",261,"Together_2"
"213",262,"Together_2"
"214",263,"Together_2"
"215",265,"Together_2"
"216",266,"Together_2"
"217",268,"Together_2"
"218",270,"Together_2"
"219",271,"Together_2"
"220",272,"Together_2"
"221",274,"Together_2"
"222",275,"Together_2"
"223",276,"Together_2"
"224",278,"Together_2"
"225",279,"Together_2"
"226",280,"Together_2"
"227",281,"Together_2"
"228",282,"Together_2"
"229",283,"Together_2"
"230",284,"Together_2"
"231",286,"Together_2"
"232",287,"Together_2"
"233",288,"Together_2"
"234",289,"Together_2"
"235",290,"Together_2"
"236",291,"Together_2"
"237",292,"Together_2"
"238",293,"Together_2"
"239",294,"Together_2"
"240",295,"Together_2"
"241",296,"Together_2"
"242",297,"Together_2"
"243",301,"Together_2"
"244",302,"Together_2"
"245",303,"Together_2"
"246",305,"Together_2"
"247",306,"Together_2"
"248",307,"Together_2"
"249",308,"Together_2"
"250",309,"Together_2"
"251",310,"Together_2"
"252",311,"Together_2"
"253",312,"Together_2"
"254",313,"Together_2"
"255",314,"Together_2"
"256",315,"Together_2"
"257",316,"Together_2"
"258",317,"Together_2"
"259",318,"Together_2"
"260",319,"Together_2"
"261",320,"Together_2"
"262",321,"Together_2"
"263",322,"Together_2"
"264",323,"Together_2"
"265",324,"Together_2"
"266",325,"Together_2"
"267",326,"Together_2"
"268",327,"Together_2"
"269",328,"Together_2"
"270",329,"Together_2"
"271",330,"Together_2"
"272",331,"Together_2"
"273",332,"Together_2"
"274",333,"Together_2"
"275",335,"Together_2"
"276",336,"Together_2"
"277",338,"Together_2"
"278",339,"Together_2"
"279",342,"Together_2"
"280",343,"Together_2"
"281",344,"Together_2"
"282",345,"Together_2"
"283",346,"Together_2"
"284",348,"Together_2"
"285",349,"Together_2"
"286",350,"Together_2"
"287",351,"Together_2"
"288",352,"Together_2"
"289",353,"Together_2"
"290",354,"Together_2"
"291",355,"Together_2"
"292",356,"Together_2"
"293",357,"Together_2"
"294",358,"Together_2"
"295",359,"Together_2"
"296",360,"Together_2"
"297",363,"Together_2"
"298",365,"Together_2"
"299",366,"Together_2"
"300",367,"Together_2"
"301",368,"Together_2"
"302",371,"Together_2"
"303",373,"Together_2"
"304",374,"Together_2"
"305",378,"Together_2"
"306",379,"Together_2"
"307",380,"Together_2"
"308",381,"Together_2"
"309",382,"Together_2"
"310",384,"Together_2"
"311",385,"Together_2"
"312",386,"Together_2"
"313",387,"Together_2"
"314",388,"Together_2"
"315",389,"Together_2"
"316",390,"Together_2"
"317",391,"Together_2"
"318",392,"Together_2"
"319",393,"Together_2"
"320",394,"Together_2"
"321",395,"Together_2"
"322",396,"Together_2"
"323",397,"Together_2"
"324",399,"Together_2"
"325",401,"Together_2"
"326",403,"Together_2"
"327",404,"Together_2"
"328",405,"Together_2"
"329",406,"Together_2"
"330",407,"Together_2"
"331",409,"Together_2"
"332",410,"Together_2"
"333",413,"Together_2"
"334",414,"Together_2"
"335",415,"Together_2"
"336",416,"Together_2"
"337",417,"Together_2"
"338",419,"Together_2"
"339",421,"Together_2"
"340",422,"Together_2"
"341",423,"Together_2"
"342",424,"Together_2"
"343",425,"Together_2"
"344",426,"Together_2"
"345",428,"Together_2"
"346",429,"Together_2"
"347",431,"Together_2"
"348",432,"Together_2"
"349",433,"Together_2"
"350",434,"Together_2"
"351",435,"Together_2"
"352",436,"Together_2"
"353",437,"Together_2"
"354",440,"Together_2"
"355",441,"Together_2"
"356",442,"Together_2"
"357",443,"Together_2"
"358",444,"Together_2"
"359",445,"Together_2"
"360",446,"Together_2"
"361",447,"Together_2"
"362",448,"Together_2"
"363",449,"Together_2"
"364",451,"Together_2"
"365",453,"Together_2"
"366",454,"Together_2"
"367",457,"Together_2"
"368",459,"Together_2"
"369",460,"Together_2"
"370",461,"Together_2"
"371",462,"Together_2"
"372",463,"Together_2"
"373",464,"Together_2"
"374",465,"Together_2"
"375",468,"Together_2"
"376",470,"Together_2"
"377",471,"Together_2"
"378",473,"Together_2"
"379",475,"Together_2"
"380",476,"Together_2"
"381",477,"Together_2"
"382",479,"Together_2"
"383",481,"Together_2"
"384",482,"Together_2"
"385",483,"Together_2"
"386",485,"Together_2"
"387",487,"Together_2"
"388",488,"Together_2"
"389",489,"Together_2"
"390",490,"Together_2"
"391",491,"Together_2"
"392",492,"Together_2"
"393",493,"Together_2"
"394",494,"Together_2"
"395",495,"Together_2"
"396",496,"Together_2"
"397",497,"Together_2"
"398",498,"Together_2"
"399",499,"Together_2"
"400",500,"Together_2"
"401",501,"Together_2"
"402",504,"Together_2"
"403",505,"Together_2"
"404",506,"Together_2"
"405",508,"Together_2"
"406",509,"Together_2"
"407",513,"Together_2"
"408",514,"Together_2"
"409",515,"Together_2"
"410",516,"Together_2"
"411",519,"Together_2"
"412",520,"Together_2"
"413",521,"Together_2"
"414",523,"Together_2"
"415",524,"Together_2"
"416",525,"Together_2"
"417",526,"Together_2"
"418",527,"Together_2"
"419",528,"Together_2"
"420",529,"Together_2"
"421",530,"Together_2"
"422",532,"Together_2"
"423",533,"Together_2"
"424",534,"Together_2"
"425",535,"Together_2"
"426",536,"Together_2"
"427",537,"Together_2"
"428",538,"Together_2"
"429",539,"Together_2"
"430",540,"Together_2"
"431",541,"Together_2"
"432",542,"Together_2"
"433",543,"Together_2"
"434",544,"Together_2"
"435",545,"Together_2"
"436",546,"Together_2"
"437",547,"Together_2"
"438",548,"Together_2"
"439",549,"Together_2"
"440",550,"Together_2"
"441",551,"Together_2"
"442",552,"Together_2"
"443",553,"Together_2"
"444",554,"Together_2"
"445",555,"Together_2"
"446",556,"Together_2"
"447",557,"Together_2"
"448",558,"Together_2"
"449",559,"Together_2"
"450",560,"Together_2"
"451",561,"Together_2"
"452",562,"Together_2"
"453",563,"Together_2"
"454",564,"Together_2"
"455",566,"Together_2"
"456",567,"Together_2"
"457",568,"Together_2"
"458",569,"Together_2"
"459",572,"Together_2"
"460",573,"Together_2"
"461",574,"Together_2"
"462",575,"Together_2"
"463",576,"Together_2"
"464",577,"Together_2"
"465",580,"Together_2"
"466",581,"Together_2"
"467",582,"Together_2"
"468",583,"Together_2"
"469",584,"Together_2"
"470",585,"Together_2"
"471",586,"Together_2"
"472",588,"Together_2"
"473",589,"Together_2"
"474",591,"Together_2"
"475",592,"Together_2"
"476",593,"Together_2"
"477",594,"Together_2"
"478",596,"Together_2"
"479",598,"Together_2"
"480",599,"Together_2"
"481",601,"Together_2"
"482",602,"Together_2"
"483",603,"Together_2"
"484",604,"Together_2"
"485",605,"Together_2"
"486",608,"Together_2"
"487",609,"Together_2"
"488",610,"Together_2"
"489",611,"Together_2"
"490",613,"Together_2"
"491",614,"Together_2"
"492",616,"Together_2"
"493",617,"Together_2"
"494",618,"Together_2"
"495",622,"Together_2"
"496",623,"Together_2"
"497",624,"Together_2"
"498",625,"Together_2"
"499",626,"Together_2"
"500",627,"Together_2"
"501",628,"Together_2"
"502",629,"Together_2"
"503",630,"Together_2"
"504",631,"Together_2"
"505",633,"Together_2"
"506",635,"Together_2"
"507",637,"Together_2"
"508",638,"Together_2"
"509",639,"Together_2"
"510",640,"Together_2"
"511",641,"Together_2"
"512",642,"Together_2"
"513",643,"Together_2"
"514",644,"Together_2"
"515",645,"Together_2"
"516",646,"Together_2"
"517",647,"Together_2"
"518",648,"Together_2"
"519",649,"Together_2"
"520",650,"Together_2"
"521",651,"Together_2"
"522",652,"Together_2"
"523",653,"Together_2"
"524",654,"Together_2"
"525",655,"Together_2"
"526",656,"Together_2"
"527",657,"Together_2"
"528",659,"Together_2"
"529",660,"Together_2"
"530",663,"Together_2"
"531",664,"Together_2"
"532",665,"Together_2"
"533",666,"Together_2"
"534",667,"Together_2"
"535",668,"Together_2"
"536",669,"Together_2"
"537",670,"Together_2"
"538",671,"Together_2"
"539",672,"Together_2"
"540",673,"Together_2"
"541",674,"Together_2"
"542",675,"Together_2"
"543",676,"Together_2"
"544",677,"Together_2"
"545",678,"Together_2"
"546",679,"Together_2"
"547",680,"Together_2"
"548",681,"Together_2"
"549",682,"Together_2"
"550",685,"Together_2"
"551",686,"Together_2"
"552",687,"Together_2"
"553",690,"Together_2"
"554",691,"Together_2"
"555",692,"Together_2"
"556",693,"Together_2"
"557",694,"Together_2"
"558",695,"Together_2"
"559",696,"Together_2"
"560",697,"Together_2"
"561",698,"Together_2"
"562",699,"Together_2"
"563",700,"Together_2"
"564",702,"Together_2"
"565",703,"Together_2"
"566",705,"Together_2"
"567",706,"Together_2"
"568",707,"Together_2"
"569",708,"Together_2"
"570",709,"Together_2"
"571",710,"Together_2"
"572",711,"Together_2"
"573",712,"Together_2"
"574",713,"Together_2"
"575",714,"Together_2"
"576",716,"Together_2"
"577",719,"Together_2"
"578",720,"Together_2"
"579",721,"Together_2"
"580",722,"Together_2"
"581",723,"Together_2"
"582",724,"Together_2"
"583",725,"Together_2"
"584",726,"Together_2"
"585",727,"Together_2"
"586",728,"Together_2"
"587",730,"Together_2"
"588",731,"Together_2"
"589",732,"Together_2"
"590",735,"Together_2"
"591",736,"Together_2"
"592",737,"Together_2"
"593",739,"Together_2"
"594",740,"Together_2"
"595",743,"Together_2"
"596",744,"Together_2"
"597",746,"Together_2"
"598",748,"Together_2"
"599",750,"Together_2"
"600",751,"Together_2"
"601",753,"Together_2"
"602",755,"Together_2"
"603",756,"Together_2"
"604",758,"Together_2"
"605",759,"Together_2"
"606",760,"Together_2"
"607",761,"Together_2"
"608",762,"Together_2"
"609",763,"Together_2"
"610",764,"Together_2"
"611",766,"Together_2"
"612",767,"Together_2"
"613",768,"Together_2"
"614",770,"Together_2"
"615",771,"Together_2"
"616",772,"Together_2"
"617",773,"Together_2"
"618",774,"Together_2"
"619",775,"Together_2"
"620",776,"Together_2"
"621",777,"Together_2"
"622",778,"Together_2"
"623",779,"Together_2"
"624",780,"Together_2"
"625",781,"Together_2"
"626",782,"Together_2"
"627",783,"Together_2"
"628",785,"Together_2"
"629",786,"Together_2"
"630",787,"Together_2"
"631",788,"Together_2"
"632",789,"Together_2"
"633",790,"Together_2"
"634",791,"Together_2"
"635",792,"Together_2"
"636",793,"Together_2"
"637",794,"Together_2"
"638",796,"Together_2"
"639",798,"Together_2"
"640",799,"Together_2"
"641",801,"Together_2"
"642",803,"Together_2"
"643",804,"Together_2"
"644",805,"Together_2"
"645",806,"Together_2"
"646",807,"Together_2"
"647",808,"Together_2"
"648",809,"Together_2"
"649",810,"Together_2"
"650",811,"Together_2"
"651",812,"Together_2"
"652",813,"Together_2"
"653",814,"Together_2"
"654",816,"Together_2"
"655",817,"Together_2"
"656",818,"Together_2"
"657",819,"Together_2"
"658",820,"Together_2"
"659",821,"Together_2"
"660",823,"Together_2"
"661",825,"Together_2"
"662",826,"Together_2"
"663",827,"Together_2"
"664",828,"Together_2"
"665",829,"Together_2"
"666",830,"Together_2"
"667",831,"Together_2"
"668",832,"Together_2"
"669",833,"Together_2"
"670",834,"Together_2"
"671",835,"Together_2"
"672",839,"Together_2"
"673",840,"Together_2"
"674",841,"Together_2"
"675",842,"Together_2"
"676",843,"Together_2"
"677",844,"Together_2"
"678",845,"Together_2"
"679",846,"Together_2"
"680",847,"Together_2"
"681",848,"Together_2"
"682",849,"Together_2"
"683",851,"Together_2"
"684",852,"Together_2"
"685",853,"Together_2"
"686",854,"Together_2"
"687",855,"Together_2"
"688",857,"Together_2"
"689",858,"Together_2"
"690",860,"Together_2"
"691",861,"Together_2"
"692",862,"Together_2"
"693",863,"Together_2"
"694",864,"Together_2"
"695",865,"Together_2"
"696",866,"Together_2"
"697",867,"Together_2"
"698",868,"Together_2"
"699",869,"Together_2"
"700",871,"Together_2"
"701",872,"Together_2"
"702",873,"Together_2"
"703",874,"Together_2"
"704",875,"Together_2"
"705",876,"Together_2"
"706",877,"Together_2"
"707",878,"Together_2"
"708",880,"Together_2"
"709",881,"Together_2"
"710",882,"Together_2"
"711",883,"Together_2"
"712",885,"Together_2"
"713",886,"Together_2"
"714",887,"Together_2"
"715",888,"Together_2"
"716",889,"Together_2"
"717",890,"Together_2"
"718",892,"Together_2"
"719",896,"Together_2"
"720",897,"Together_2"
"721",899,"Together_2"
"722",900,"Together_2"
"723",901,"Together_2"
"724",902,"Together_2"
"725",903,"Together_2"
"726",904,"Together_2"
"727",905,"Together_2"
"728",906,"Together_2"
"729",907,"Together_2"
"730",908,"Together_2"
"731",909,"Together_2"
"732",910,"Together_2"
"733",911,"Together_2"
"734",912,"Together_2"
"735",913,"Together_2"
"736",914,"Together_2"
"737",915,"Together_2"
"738",916,"Together_2"
"739",917,"Together_2"
"740",918,"Together_2"
"741",919,"Together_2"
"742",920,"Together_2"
"743",921,"Together_2"
"744",923,"Together_2"
"745",925,"Together_2"
"746",927,"Together_2"
"747",928,"Together_2"
"748",929,"Together_2"
"749",930,"Together_2"
"750",931,"Together_2"
"751",933,"Together_2"
"752",934,"Together_2"
"753",935,"Together_2"
"754",936,"Together_2"
"755",938,"Together_2"
"756",939,"Together_2"
"757",940,"Together_2"
"758",944,"Together_2"
"759",945,"Together_2"
"760",946,"Together_2"
"761",947,"Together_2"
"762",948,"Together_2"
"763",949,"Together_2"
"764",950,"Together_2"
"765",952,"Together_2"
"766",953,"Together_2"
"767",954,"Together_2"
"768",955,"Together_2"
"769",956,"Together_2"
"770",957,"Together_2"
"771",958,"Together_2"
"772",959,"Together_2"
"773",960,"Together_2"
"774",961,"Together_2"
"775",962,"Together_2"
"776",963,"Together_2"
"777",964,"Together_2"
"778",965,"Together_2"
"779",966,"Together_2"
"780",968,"Together_2"
"781",969,"Together_2"
"782",970,"Together_2"
"783",971,"Together_2"
"784",972,"Together_2"
"785",973,"Together_2"
"786",974,"Together_2"
"787",975,"Together_2"
"788",977,"Together_2"
"789",978,"Together_2"
"790",979,"Together_2"
"791",981,"Together_2"
"792",982,"Together_2"
"793",983,"Together_2"
"794",985,"Together_2"
"795",986,"Together_2"
"796",987,"Together_2"
"797",988,"Together_2"
"798",989,"Together_2"
"799",991,"Together_2"
"800",992,"Together_2"
"801",993,"Together_2"
"802",995,"Together_2"
"803",996,"Together_2"
"804",997,"Together_2"
"805",998,"Together_2"
"806",999,"Together_2"
"807",1000,"Together_2"
"808",1001,"Together_2"
"809",1003,"Together_2"
"810",1004,"Together_2"
"811",1005,"Together_2"
"812",1006,"Together_2"
"813",1007,"Together_2"
"814",1010,"Together_2"
"815",1011,"Together_2"
"816",1012,"Together_2"
"817",1013,"Together_2"
"818",1014,"Together_2"
"819",1015,"Together_2"
"820",1016,"Together_2"
"821",1017,"Together_2"
"822",1018,"Together_2"
"823",1019,"Together_2"
"824",1020,"Together_2"
"825",1021,"Together_2"
"826",1022,"Together_2"
"827",1023,"Together_2"
"828",1024,"Together_2"
"829",1026,"Together_2"
"830",1027,"Together_2"
"831",1029,"Together_2"
"832",1030,"Together_2"
"833",1031,"Together_2"
"834",1032,"Together_2"
"835",1034,"Together_2"
"836",1035,"Together_2"
"837",1036,"Together_2"
"838",1037,"Together_2"
"839",1038,"Together_2"
"840",1039,"Together_2"
"841",1040,"Together_2"
"842",1041,"Together_2"
"843",1042,"Together_2"
"844",1043,"Together_2"
"845",1046,"Together_2"
"846",1047,"Together_2"
"847",1048,"Together_2"
"848",1049,"Together_2"
"849",1050,"Together_2"
"850",1051,"Together_2"
"851",1052,"Together_2"
"852",1053,"Together_2"
"853",1054,"Together_2"
"854",1055,"Together_2"
"855",1056,"Together_2"
"856",1057,"Together_2"
"857",1058,"Together_2"
"858",1060,"Together_2"
"859",1061,"Together_2"
"860",1064,"Together_2"
"861",1065,"Together_2"
"862",1066,"Together_2"
"863",1067,"Together_2"
"864",1068,"Together_2"
"865",1069,"Together_2"
"866",1070,"Together_2"
"867",1071,"Together_2"
"868",1072,"Together_2"
"869",1073,"Together_2"
"870",1074,"Together_2"
"871",1076,"Together_2"
"872",1077,"Together_2"
"873",1079,"Together_2"
"874",1080,"Together_2"
"875",1081,"Together_2"
"876",1082,"Together_2"
"877",1083,"Together_2"
"878",1084,"Together_2"
"879",1085,"Together_2"
"880",1086,"Together_2"
"881",1087,"Together_2"
"882",1088,"Together_2"
"883",1089,"Together_2"
"884",1090,"Together_2"
"885",1093,"Together_2"
"886",1094,"Together_2"
"887",1095,"Together_2"
"888",1096,"Together_2"
"889",1097,"Together_2"
"890",1098,"Together_2"
"891",1099,"Together_2"
"892",1100,"Together_2"
"893",1101,"Together_2"
"894",1102,"Together_2"
"895",1103,"Together_2"
"896",1104,"Together_2"
"897",1105,"Together_2"
"898",1106,"Together_2"
"899",1108,"Together_2"
"900",1109,"Together_2"
"901",1111,"Together_2"
"902",1112,"Together_2"
"903",1113,"Together_2"
"904",1114,"Together_2"
"905",1115,"Together_2"
"906",1117,"Together_2"
"907",1118,"Together_2"
"908",1119,"Together_2"
"909",1120,"Together_2"
"910",1121,"Together_2"
"911",1122,"Together_2"
"912",1123,"Together_2"
"913",1127,"Together_2"
"914",1130,"Together_2"
"915",1131,"Together_2"
"916",1133,"Together_2"
"917",1134,"Together_2"
"918",1135,"Together_2"
"919",1137,"Together_2"
"920",1138,"Together_2"
"921",1139,"Together_2"
"922",1140,"Together_2"
"923",1141,"Together_2"
"924",1142,"Together_2"
"925",1143,"Together_2"
"926",1146,"Together_2"
"927",1147,"Together_2"
"928",1149,"Together_2"
"929",1150,"Together_2"
"930",1154,"Together_2"
"931",1155,"Together_2"
"932",1156,"Together_2"
"933",1157,"Together_2"
"934",1158,"Together_2"
"935",1159,"Together_2"
"936",1160,"Together_2"
"937",1161,"Together_2"
"938",1162,"Together_2"
"939",1163,"Together_2"
"940",1164,"Together_2"
"941",1166,"Together_2"
"942",1167,"Together_2"
"943",1170,"Together_2"
"944",1171,"Together_2"
"945",1172,"Together_2"
"946",1173,"Together_2"
"947",1176,"Together_2"
"948",1178,"Together_2"
"949",1179,"Together_2"
"950",1180,"Together_2"
"951",1181,"Together_2"
"952",1182,"Together_2"
"953",1183,"Together_2"
"954",1184,"Together_2"
"955",1186,"Together_2"
"956",1187,"Together_2"
"957",1188,"Together_2"
"958",1191,"Together_2"
"959",1192,"Together_2"
"960",1193,"Together_2"
"961",1195,"Together_2"
"962",1196,"Together_2"
"963",1197,"Together_2"
"964",1199,"Together_2"
"965",1200,"Together_2"
"966",1201,"Together_2"
"967",1203,"Together_2"
"968",1204,"Together_2"
"969",1205,"Together_2"
"970",1207,"Together_2"
"971",1208,"Together_2"
"972",1209,"Together_2"
"973",1210,"Together_2"
"974",1211,"Together_2"
"975",1212,"Together_2"
"976",1214,"Together_2"
"977",1215,"Together_2"
"978",1218,"Together_2"
"979",1220,"Together_2"
"980",1221,"Together_2"
"981",1222,"Together_2"
"982",1223,"Together_2"
"983",1224,"Together_2"
"984",1225,"Together_2"
"985",1226,"Together_2"
"986",1227,"Together_2"
"987",1228,"Together_2"
"988",1229,"Together_2"
"989",1230,"Together_2"
"990",1231,"Together_2"
"991",1232,"Together_2"
"992",1233,"Together_2"
"993",1235,"Together_2"
"994",1237,"Together_2"
"995",1238,"Together_2"
"996",1239,"Together_2"
"997",1243,"Together_2"
"998",1245,"Together_2"
"999",1246,"Together_2"
"1000",1247,"Together_2"
"1001",1248,"Together_2"
"1002",1249,"Together_2"
"1003",1250,"Together_2"
"1004",1251,"Together_2"
"1005",1252,"Together_2"
"1006",1253,"Together_2"
"1007",1254,"Together_2"
"1008",1255,"Together_2"
"1009",1256,"Together_2"
"1010",1257,"Together_2"
"1011",1259,"Together_2"
"1012",1260,"Together_2"
"1013",1261,"Together_2"
"1014",1262,"Together_2"
"1015",1263,"Together_2"
"1016",1264,"Together_2"
"1017",1265,"Together_2"
"1018",1266,"Together_2"
"1019",1267,"Together_2"
"1020",1268,"Together_2"
"1021",1269,"Together_2"
"1022",1270,"Together_2"
"1023",1271,"Together_2"
"1024",1272,"Together_2"
"1025",1273,"Together_2"
"1026",1274,"Together_2"
"1027",1275,"Together_2"
"1028",1278,"Together_2"
"1029",1279,"Together_2"
"1030",1280,"Together_2"
"1031",1281,"Together_2"
"1032",1282,"Together_2"
"1033",1284,"Together_2"
"1034",1285,"Together_2"
"1035",1287,"Together_2"
"1036",1288,"Together_2"
"1037",1289,"Together_2"
"1038",1290,"Together_2"
"1039",1291,"Together_2"
"1040",1292,"Together_2"
"1041",1293,"Together_2"
"1042",1294,"Together_2"
"1043",1295,"Together_2"
"1044",1296,"Together_2"
"1045",1297,"Together_2"
"1046",1298,"Together_2"
"1047",1299,"Together_2"
"1048",1300,"Together_2"
"1049",1301,"Together_2"
"1050",1304,"Together_2"
"1051",1305,"Together_2"
"1052",1306,"Together_2"
"1053",1307,"Together_2"
"1054",1309,"Together_2"
"1055",1310,"Together_2"
"1056",1311,"Together_2"
"1057",1312,"Together_2"
"1058",1313,"Together_2"
"1059",1314,"Together_2"
"1060",1315,"Together_2"
"1061",1316,"Together_2"
"1062",1318,"Together_2"
"1063",1319,"Together_2"
"1064",1321,"Together_2"
"1065",1322,"Together_2"
"1066",1323,"Together_2"
"1067",1324,"Together_2"
"1068",1325,"Together_2"
"1069",1326,"Together_2"
"1070",1327,"Together_2"
"1071",1328,"Together_2"
"1072",1329,"Together_2"
"1073",1331,"Together_2"
"1074",1332,"Together_2"
"1075",1334,"Together_2"
"1076",1335,"Together_2"
"1077",1338,"Together_2"
"1078",1339,"Together_2"
"1079",1340,"Together_2"
"1080",1342,"Together_2"
"1081",1343,"Together_2"
"1082",1344,"Together_2"
"1083",1346,"Together_2"
"1084",1348,"Together_2"
"1085",1349,"Together_2"
"1086",1350,"Together_2"
"1087",1351,"Together_2"
"1088",1354,"Together_2"
"1089",1355,"Together_2"
"1090",1357,"Together_2"
"1091",1359,"Together_2"
"1092",1360,"Together_2"
"1093",1362,"Together_2"
"1094",1363,"Together_2"
"1095",1365,"Together_2"
"1096",1366,"Together_2"
"1097",1368,"Together_2"
"1098",1369,"Together_2"
"1099",1370,"Together_2"
"1100",1373,"Together_2"
"1101",1374,"Together_2"
"1102",1375,"Together_2"
"1103",1376,"Together_2"
"1104",1378,"Together_2"
"1105",1379,"Together_2"
"1106",1380,"Together_2"
"1107",1381,"Together_2"
"1108",1382,"Together_2"
"1109",1383,"Together_2"
"1110",1384,"Together_2"
"1111",1386,"Together_2"
"1112",1388,"Together_2"
"1113",1389,"Together_2"
"1114",1390,"Together_2"
"1115",1391,"Together_2"
"1116",1392,"Together_2"
"1117",1393,"Together_2"
"1118",1394,"Together_2"
"1119",1395,"Together_2"
"1120",1396,"Together_2"
"1121",1397,"Together_2"
"1122",1400,"Together_2"
"1123",1401,"Together_2"
"1124",1402,"Together_2"
"1125",1403,"Together_2"
"1126",1404,"Together_2"
"1127",1405,"Together_2"
"1128",1407,"Together_2"
"1129",1408,"Together_2"
"1130",1409,"Together_2"
"1131",1410,"Together_2"
"1132",1411,"Together_2"
"1133",1412,"Together_2"
"1134",1413,"Together_2"
"1135",1414,"Together_2"
"1136",1415,"Together_2"
"1137",1417,"Together_2"
"1138",1418,"Together_2"
"1139",1420,"Together_2"
"1140",1421,"Together_2"
"1141",1422,"Together_2"
"1142",1424,"Together_2"
"1143",1426,"Together_2"
"1144",1427,"Together_2"
"1145",1428,"Together_2"
"1146",1429,"Together_2"
"1147",1430,"Together_2"
"1148",1431,"Together_2"
"1149",1432,"Together_2"
"1150",1433,"Together_2"
"1151",1434,"Together_2"
"1152",1435,"Together_2"
"1153",1436,"Together_2"
"1154",1437,"Together_2"
"1155",1439,"Together_2"
"1156",1440,"Together_2"
"1157",1441,"Together_2"
"1158",1443,"Together_2"
"1159",1445,"Together_2"
"1160",1448,"Together_2"
"1161",1449,"Together_2"
"1162",1451,"Together_2"
"1163",1452,"Together_2"
"1164",1453,"Together_2"
"1165",1454,"Together_2"
"1166",1455,"Together_2"
"1167",1456,"Together_2"
"1168",1457,"Together_2"
"1169",1458,"Together_2"
"1170",1459,"Together_2"
"1171",1460,"Together_2"
"1172",1461,"Together_2"
"1173",1463,"Together_2"
"1174",1464,"Together_2"
"1175",1465,"Together_2"
"1176",1466,"Together_2"
"1177",1469,"Together_2"
"1178",1470,"Together_2"
"1179",1471,"Together_2"
"1180",1473,"Together_2"
"1181",1474,"Together_2"
"1182",1475,"Together_2"
"1183",1476,"Together_2"
"1184",1477,"Together_2"
"1185",1478,"Together_2"
"1186",1479,"Together_2"
"1187",1480,"Together_2"
"1188",1481,"Together_2"
"1189",1482,"Together_2"
"1190",1483,"Together_2"
"1191",1486,"Together_2"
"1192",1487,"Together_2"
"1193",1488,"Together_2"
"1194",1489,"Together_2"
"1195",1491,"Together_2"
"1196",1492,"Together_2"
"1197",1493,"Together_2"
"1198",1495,"Together_2"
"1199",1496,"Together_2"
"1200",1497,"Together_2"
"1201",1498,"Together_2"
"1202",1499,"Together_2"
"1203",1501,"Together_2"
"1204",1502,"Together_2"
"1205",1503,"Together_2"
"1206",1504,"Together_2"
"1207",1505,"Together_2"
"1208",1507,"Together_2"
"1209",1509,"Together_2"
"1210",1510,"Together_2"
"1211",1511,"Together_2"
"1212",1512,"Together_2"
"1213",1513,"Together_2"
"1214",1514,"Together_2"
"1215",1516,"Together_2"
"1216",1517,"Together_2"
"1217",1518,"Together_2"
"1218",1519,"Together_2"
"1219",1520,"Together_2"
"1220",1524,"Together_2"
"1221",1525,"Together_2"
"1222",1526,"Together_2"
"1223",1527,"Together_2"
"1224",1528,"Together_2"
"1225",1529,"Together_2"
"1226",1531,"Together_2"
"1227",1532,"Together_2"
"1228",1533,"Together_2"
"1229",1535,"Together_2"
"1230",1536,"Together_2"
"1231",1537,"Together_2"
"1232",1538,"Together_2"
"1233",1539,"Together_2"
"1234",1542,"Together_2"
"1235",1543,"Together_2"
"1236",1545,"Together_2"
"1237",1546,"Together_2"
"1238",1547,"Together_2"
"1239",1548,"Together_2"
"1240",1549,"Together_2"
"1241",1551,"Together_2"
"1242",1553,"Together_2"
"1243",1554,"Together_2"
"1244",1555,"Together_2"
"1245",1556,"Together_2"
"1246",1557,"Together_2"
"1247",1558,"Together_2"
"1248",1559,"Together_2"
"1249",1560,"Together_2"
"1250",1562,"Together_2"
"1251",1563,"Together_2"
"1252",1564,"Together_2"
"1253",1565,"Together_2"
"1254",1566,"Together_2"
"1255",1567,"Together_2"
"1256",1568,"Together_2"
"1257",1569,"Together_2"
"1258",1570,"Together_2"
"1259",1571,"Together_2"
"1260",1572,"Together_2"
"1261",1573,"Together_2"
"1262",1574,"Together_2"
"1263",1575,"Together_2"
"1264",1576,"Together_2"
"1265",1577,"Together_2"
"1266",1578,"Together_2"
"1267",1579,"Together_2"
"1268",1581,"Together_2"
"1269",1582,"Together_2"
"1270",1583,"Together_2"
"1271",1584,"Together_2"
"1272",1586,"Together_2"
"1273",1587,"Together_2"
"1274",1589,"Together_2"
"1275",1590,"Together_2"
"1276",1592,"Together_2"
"1277",1593,"Together_2"
"1278",1594,"Together_2"
"1279",1595,"Together_2"
"1280",1596,"Together_2"
"1281",1597,"Together_2"
"1282",1598,"Together_2"
"1283",1599,"Together_2"
"1284",1600,"Together_2"
"1285",1601,"Together_2"
"1286",1603,"Together_2"
"1287",1604,"Together_2"
"1288",1605,"Together_2"
"1289",1607,"Together_2"
"1290",1608,"Together_2"
"1291",1609,"Together_2"
"1292",1611,"Together_2"
"1293",1612,"Together_2"
"1294",1613,"Together_2"
"1295",1615,"Together_2"
"1296",1617,"Together_2"
"1297",1618,"Together_2"
"1298",1619,"Together_2"
"1299",1620,"Together_2"
"1300",1621,"Together_2"
"1301",1622,"Together_2"
"1302",1623,"Together_2"
"1303",1624,"Together_2"
"1304",1626,"Together_2"
"1305",1627,"Together_2"
"1306",1628,"Together_2"
"1307",1629,"Together_2"
"1308",1630,"Together_2"
"1309",1631,"Together_2"
"1310",1632,"Together_2"
"1311",1633,"Together_2"
"1312",1634,"Together_2"
"1313",1636,"Together_2"
"1314",1637,"Together_2"
"1315",1639,"Together_2"
"1316",1640,"Together_2"
"1317",1641,"Together_2"
"1318",1642,"Together_2"
"1319",1643,"Together_2"
"1320",1644,"Together_2"
"1321",1646,"Together_2"
"1322",1647,"Together_2"
"1323",1648,"Together_2"
"1324",1650,"Together_2"
"1325",1654,"Together_2"
"1326",1655,"Together_2"
"1327",1656,"Together_2"
"1328",1657,"Together_2"
"1329",1658,"Together_2"
"1330",1660,"Together_2"
"1331",1663,"Together_2"
"1332",1664,"Together_2"
"1333",1665,"Together_2"
"1334",1666,"Together_2"
"1335",1667,"Together_2"
"1336",1668,"Together_2"
"1337",1669,"Together_2"
"1338",1670,"Together_2"
"1339",1671,"Together_2"
"1340",1673,"Together_2"
"1341",1674,"Together_2"
"1342",1675,"Together_2"
"1343",1676,"Together_2"
"1344",1677,"Together_2"
"1345",1678,"Together_2"
"1346",1679,"Together_2"
"1347",1680,"Together_2"
"1348",1682,"Together_2"
"1349",1684,"Together_2"
"1350",1685,"Together_2"
"1351",1686,"Together_2"
"1352",1689,"Together_2"
"1353",1690,"Together_2"
"1354",1691,"Together_2"
"1355",1693,"Together_2"
"1356",1694,"Together_2"
"1357",1695,"Together_2"
"1358",1696,"Together_2"
"1359",1697,"Together_2"
"1360",1698,"Together_2"
"1361",1703,"Together_2"
"1362",1704,"Together_2"
"1363",1705,"Together_2"
"1364",1706,"Together_2"
"1365",1707,"Together_2"
"1366",1708,"Together_2"
"1367",1709,"Together_2"
"1368",1710,"Together_2"
"1369",1711,"Together_2"
"1370",1712,"Together_2"
"1371",1715,"Together_2"
"1372",1716,"Together_2"
"1373",1717,"Together_2"
"1374",1718,"Together_2"
"1375",1719,"Together_2"
"1376",1720,"Together_2"
"1377",1721,"Together_2"
"1378",1722,"Together_2"
"1379",1724,"Together_2"
"1380",1725,"Together_2"
"1381",1727,"Together_2"
"1382",1728,"Together_2"
"1383",1730,"Together_2"
"1384",1731,"Together_2"
"1385",1733,"Together_2"
"1386",1735,"Together_2"
"1387",1736,"Together_2"
"1388",0,"Together_1"
"1389",1,"Together_1"
"1390",2,"Together_1"
"1391",3,"Together_1"
"1392",4,"Together_1"
"1393",5,"Together_1"
"1394",6,"Together_1"
"1395",8,"Together_1"
"1396",10,"Together_1"
"1397",11,"Together_1"
"1398",12,"Together_1"
"1399",13,"Together_1"
"1400",14,"Together_1"
"1401",15,"Together_1"
"1402",16,"Together_1"
"1403",17,"Together_1"
"1404",18,"Together_1"
"1405",19,"Together_1"
"1406",20,"Together_1"
"1407",23,"Together_1"
"1408",24,"Together_1"
"1409",25,"Together_1"
"1410",26,"Together_1"
"1411",27,"Together_1"
"1412",28,"Together_1"
"1413",29,"Together_1"
"1414",30,"Together_1"
"1415",31,"Together_1"
"1416",33,"Together_1"
"1417",34,"Together_1"
"1418",35,"Together_1"
"1419",37,"Together_1"
"1420",40,"Together_1"
"1421",41,"Together_1"
"1422",42,"Together_1"
"1423",43,"Together_1"
"1424",44,"Together_1"
"1425",45,"Together_1"
"1426",46,"Together_1"
"1427",47,"Together_1"
"1428",48,"Together_1"
"1429",49,"Together_1"
"1430",50,"Together_1"
"1431",51,"Together_1"
"1432",52,"Together_1"
"1433",53,"Together_1"
"1434",54,"Together_1"
"1435",58,"Together_1"
"1436",60,"Together_1"
"1437",62,"Together_1"
"1438",63,"Together_1"
"1439",65,"Together_1"
"1440",66,"Together_1"
"1441",67,"Together_1"
"1442",68,"Together_1"
"1443",69,"Together_1"
"1444",70,"Together_1"
"1445",71,"Together_1"
"1446",72,"Together_1"
"1447",74,"Together_1"
"1448",75,"Together_1"
"1449",77,"Together_1"
"1450",78,"Together_1"
"1451",79,"Together_1"
"1452",80,"Together_1"
"1453",81,"Together_1"
"1454",82,"Together_1"
"1455",83,"Together_1"
"1456",84,"Together_1"
"1457",85,"Together_1"
"1458",86,"Together_1"
"1459",87,"Together_1"
"1460",88,"Together_1"
"1461",89,"Together_1"
"1462",90,"Together_1"
"1463",91,"Together_1"
"1464",92,"Together_1"
"1465",93,"Together_1"
"1466",94,"Together_1"
"1467",95,"Together_1"
"1468",96,"Together_1"
"1469",97,"Together_1"
"1470",99,"Together_1"
"1471",100,"Together_1"
"1472",101,"Together_1"
"1473",102,"Together_1"
"1474",103,"Together_1"
"1475",104,"Together_1"
"1476",106,"Together_1"
"1477",107,"Together_1"
"1478",108,"Together_1"
"1479",109,"Together_1"
"1480",110,"Together_1"
"1481",111,"Together_1"
"1482",112,"Together_1"
"1483",113,"Together_1"
"1484",115,"Together_1"
"1485",116,"Together_1"
"1486",117,"Together_1"
"1487",119,"Together_1"
"1488",120,"Together_1"
"1489",121,"Together_1"
"1490",122,"Together_1"
"1491",123,"Together_1"
"1492",124,"Together_1"
"1493",126,"Together_1"
"1494",127,"Together_1"
"1495",129,"Together_1"
"1496",130,"Together_1"
"1497",131,"Together_1"
"1498",132,"Together_1"
"1499",133,"Together_1"
"1500",136,"Together_1"
"1501",137,"Together_1"
"1502",138,"Together_1"
"1503",139,"Together_1"
"1504",140,"Together_1"
"1505",143,"Together_1"
"1506",144,"Together_1"
"1507",145,"Together_1"
"1508",146,"Together_1"
"1509",147,"Together_1"
"1510",148,"Together_1"
"1511",149,"Together_1"
"1512",150,"Together_1"
"1513",151,"Together_1"
"1514",152,"Together_1"
"1515",154,"Together_1"
"1516",155,"Together_1"
"1517",156,"Together_1"
"1518",158,"Together_1"
"1519",160,"Together_1"
"1520",161,"Together_1"
"1521",162,"Together_1"
"1522",163,"Together_1"
"1523",164,"Together_1"
"1524",165,"Together_1"
"1525",166,"Together_1"
"1526",167,"Together_1"
"1527",168,"Together_1"
"1528",171,"Together_1"
"1529",172,"Together_1"
"1530",173,"Together_1"
"1531",174,"Together_1"
"1532",175,"Together_1"
"1533",178,"Together_1"
"1534",179,"Together_1"
"1535",181,"Together_1"
"1536",182,"Together_1"
"1537",183,"Together_1"
"1538",184,"Together_1"
"1539",187,"Together_1"
"1540",188,"Together_1"
"1541",189,"Together_1"
"1542",190,"Together_1"
"1543",192,"Together_1"
"1544",194,"Together_1"
"1545",195,"Together_1"
"1546",197,"Together_1"
"1547",198,"Together_1"
"1548",199,"Together_1"
"1549",200,"Together_1"
"1550",201,"Together_1"
"1551",202,"Together_1"
"1552",204,"Together_1"
"1553",206,"Together_1"
"1554",207,"Together_1"
"1555",208,"Together_1"
"1556",209,"Together_1"
"1557",210,"Together_1"
"1558",211,"Together_1"
"1559",212,"Together_1"
"1560",213,"Together_1"
"1561",214,"Together_1"
"1562",215,"Together_1"
"1563",217,"Together_1"
"1564",218,"Together_1"
"1565",219,"Together_1"
"1566",220,"Together_1"
"1567",222,"Together_1"
"1568",223,"Together_1"
"1569",225,"Together_1"
"1570",226,"Together_1"
"1571",227,"Together_1"
"1572",228,"Together_1"
"1573",230,"Together_1"
"1574",231,"Together_1"
"1575",232,"Together_1"
"1576",234,"Together_1"
"1577",235,"Together_1"
"1578",236,"Together_1"
"1579",237,"Together_1"
"1580",238,"Together_1"
"1581",239,"Together_1"
"1582",240,"Together_1"
"1583",241,"Together_1"
"1584",242,"Together_1"
"1585",243,"Together_1"
"1586",244,"Together_1"
"1587",245,"Together_1"
"1588",246,"Together_1"
"1589",248,"Together_1"
"1590",250,"Together_1"
"1591",251,"Together_1"
"1592",252,"Together_1"
"1593",254,"Together_1"
"1594",255,"Together_1"
"1595",256,"Together_1"
"1596",257,"Together_1"
"1597",258,"Together_1"
"1598",259,"Together_1"
"1599",260,"Together_1"
"1600",261,"Together_1"
"1601",262,"Together_1"
"1602",263,"Together_1"
"1603",265,"Together_1"
"1604",266,"Together_1"
"1605",268,"Together_1"
"1606",270,"Together_1"
"1607",271,"Together_1"
"1608",272,"Together_1"
"1609",274,"Together_1"
"1610",275,"Together_1"
"1611",276,"Together_1"
"1612",278,"Together_1"
"1613",279,"Together_1"
"1614",280,"Together_1"
"1615",281,"Together_1"
"1616",282,"Together_1"
"1617",283,"Together_1"
"1618",284,"Together_1"
"1619",286,"Together_1"
"1620",287,"Together_1"
"1621",288,"Together_1"
"1622",289,"Together_1"
"1623",290,"Together_1"
"1624",291,"Together_1"
"1625",292,"Together_1"
"1626",293,"Together_1"
"1627",294,"Together_1"
"1628",295,"Together_1"
"1629",296,"Together_1"
"1630",297,"Together_1"
"1631",301,"Together_1"
"1632",302,"Together_1"
"1633",303,"Together_1"
"1634",305,"Together_1"
"1635",306,"Together_1"
"1636",307,"Together_1"
"1637",308,"Together_1"
"1638",309,"Together_1"
"1639",310,"Together_1"
"1640",311,"Together_1"
"1641",312,"Together_1"
"1642",313,"Together_1"
"1643",314,"Together_1"
"1644",315,"Together_1"
"1645",316,"Together_1"
"1646",317,"Together_1"
"1647",318,"Together_1"
"1648",319,"Together_1"
"1649",320,"Together_1"
"1650",321,"Together_1"
"1651",322,"Together_1"
"1652",323,"Together_1"
"1653",324,"Together_1"
"1654",325,"Together_1"
"1655",326,"Together_1"
"1656",327,"Together_1"
"1657",328,"Together_1"
"1658",329,"Together_1"
"1659",330,"Together_1"
"1660",331,"Together_1"
"1661",332,"Together_1"
"1662",333,"Together_1"
"1663",335,"Together_1"
"1664",336,"Together_1"
"1665",338,"Together_1"
"1666",339,"Together_1"
"1667",342,"Together_1"
"1668",343,"Together_1"
"1669",344,"Together_1"
"1670",345,"Together_1"
"1671",346,"Together_1"
"1672",348,"Together_1"
"1673",349,"Together_1"
"1674",350,"Together_1"
"1675",351,"Together_1"
"1676",352,"Together_1"
"1677",353,"Together_1"
"1678",354,"Together_1"
"1679",355,"Together_1"
"1680",356,"Together_1"
"1681",357,"Together_1"
"1682",358,"Together_1"
"1683",359,"Together_1"
"1684",360,"Together_1"
"1685",363,"Together_1"
"1686",365,"Together_1"
"1687",366,"Together_1"
"1688",367,"Together_1"
"1689",368,"Together_1"
"1690",371,"Together_1"
"1691",373,"Together_1"
"1692",374,"Together_1"
"1693",378,"Together_1"
"1694",379,"Together_1"
"1695",380,"Together_1"
"1696",381,"Together_1"
"1697",382,"Together_1"
"1698",384,"Together_1"
"1699",385,"Together_1"
"1700",386,"Together_1"
"1701",387,"Together_1"
"1702",388,"Together_1"
"1703",389,"Together_1"
"1704",390,"Together_1"
"1705",391,"Together_1"
"1706",392,"Together_1"
"1707",393,"Together_1"
"1708",394,"Together_1"
"1709",395,"Together_1"
"1710",396,"Together_1"
"1711",397,"Together_1"
"1712",399,"Together_1"
"1713",401,"Together_1"
"1714",403,"Together_1"
"1715",404,"Together_1"
"1716",405,"Together_1"
"1717",406,"Together_1"
"1718",407,"Together_1"
"1719",409,"Together_1"
"1720",410,"Together_1"
"1721",413,"Together_1"
"1722",414,"Together_1"
"1723",415,"Together_1"
"1724",416,"Together_1"
"1725",417,"Together_1"
"1726",419,"Together_1"
"1727",421,"Together_1"
"1728",422,"Together_1"
"1729",423,"Together_1"
"1730",424,"Together_1"
"1731",425,"Together_1"
"1732",426,"Together_1"
"1733",428,"Together_1"
"1734",429,"Together_1"
"1735",431,"Together_1"
"1736",432,"Together_1"
"1737",433,"Together_1"
"1738",434,"Together_1"
"1739",435,"Together_1"
"1740",436,"Together_1"
"1741",437,"Together_1"
"1742",440,"Together_1"
"1743",441,"Together_1"
"1744",442,"Together_1"
"1745",443,"Together_1"
"1746",444,"Together_1"
"1747",445,"Together_1"
"1748",446,"Together_1"
"1749",447,"Together_1"
"1750",448,"Together_1"
"1751",449,"Together_1"
"1752",451,"Together_1"
"1753",453,"Together_1"
"1754",454,"Together_1"
"1755",457,"Together_1"
"1756",459,"Together_1"
"1757",460,"Together_1"
"1758",461,"Together_1"
"1759",462,"Together_1"
"1760",463,"Together_1"
"1761",464,"Together_1"
"1762",465,"Together_1"
"1763",468,"Together_1"
"1764",470,"Together_1"
"1765",471,"Together_1"
"1766",473,"Together_1"
"1767",475,"Together_1"
"1768",476,"Together_1"
"1769",477,"Together_1"
"1770",479,"Together_1"
"1771",481,"Together_1"
"1772",482,"Together_1"
"1773",483,"Together_1"
"1774",485,"Together_1"
"1775",487,"Together_1"
"1776",488,"Together_1"
"1777",489,"Together_1"
"1778",490,"Together_1"
"1779",491,"Together_1"
"1780",492,"Together_1"
"1781",493,"Together_1"
"1782",494,"Together_1"
"1783",495,"Together_1"
"1784",496,"Together_1"
"1785",497,"Together_1"
"1786",498,"Together_1"
"1787",499,"Together_1"
"1788",500,"Together_1"
"1789",501,"Together_1"
"1790",504,"Together_1"
"1791",505,"Together_1"
"1792",506,"Together_1"
"1793",508,"Together_1"
"1794",509,"Together_1"
"1795",513,"Together_1"
"1796",514,"Together_1"
"1797",515,"Together_1"
"1798",516,"Together_1"
"1799",519,"Together_1"
"1800",520,"Together_1"
"1801",521,"Together_1"
"1802",523,"Together_1"
"1803",524,"Together_1"
"1804",525,"Together_1"
"1805",526,"Together_1"
"1806",527,"Together_1"
"1807",528,"Together_1"
"1808",529,"Together_1"
"1809",530,"Together_1"
"1810",532,"Together_1"
"1811",533,"Together_1"
"1812",534,"Together_1"
"1813",535,"Together_1"
"1814",536,"Together_1"
"1815",537,"Together_1"
"1816",538,"Together_1"
"1817",539,"Together_1"
"1818",540,"Together_1"
"1819",541,"Together_1"
"1820",542,"Together_1"
"1821",543,"Together_1"
"1822",544,"Together_1"
"1823",545,"Together_1"
"1824",546,"Together_1"
"1825",547,"Together_1"
"1826",548,"Together_1"
"1827",549,"Together_1"
"1828",550,"Together_1"
"1829",551,"Together_1"
"1830",552,"Together_1"
"1831",553,"Together_1"
"1832",554,"Together_1"
"1833",555,"Together_1"
"1834",556,"Together_1"
"1835",557,"Together_1"
"1836",558,"Together_1"
"1837",559,"Together_1"
"1838",560,"Together_1"
"1839",561,"Together_1"
"1840",562,"Together_1"
"1841",563,"Together_1"
"1842",564,"Together_1"
"1843",566,"Together_1"
"1844",567,"Together_1"
"1845",568,"Together_1"
"1846",569,"Together_1"
"1847",572,"Together_1"
"1848",573,"Together_1"
"1849",574,"Together_1"
"1850",575,"Together_1"
"1851",576,"Together_1"
"1852",577,"Together_1"
"1853",580,"Together_1"
"1854",581,"Together_1"
"1855",582,"Together_1"
"1856",583,"Together_1"
"1857",584,"Together_1"
"1858",585,"Together_1"
"1859",586,"Together_1"
"1860",588,"Together_1"
"1861",589,"Together_1"
"1862",591,"Together_1"
"1863",592,"Together_1"
"1864",593,"Together_1"
"1865",594,"Together_1"
"1866",596,"Together_1"
"1867",598,"Together_1"
"1868",599,"Together_1"
"1869",601,"Together_1"
"1870",602,"Together_1"
"1871",603,"Together_1"
"1872",604,"Together_1"
"1873",605,"Together_1"
"1874",608,"Together_1"
"1875",609,"Together_1"
"1876",610,"Together_1"
"1877",611,"Together_1"
"1878",613,"Together_1"
"1879",614,"Together_1"
"1880",616,"Together_1"
"1881",617,"Together_1"
"1882",618,"Together_1"
"1883",622,"Together_1"
"1884",623,"Together_1"
"1885",624,"Together_1"
"1886",625,"Together_1"
"1887",626,"Together_1"
"1888",627,"Together_1"
"1889",628,"Together_1"
"1890",629,"Together_1"
"1891",630,"Together_1"
"1892",631,"Together_1"
"1893",633,"Together_1"
"1894",635,"Together_1"
"1895",637,"Together_1"
"1896",638,"Together_1"
"1897",639,"Together_1"
"1898",640,"Together_1"
"1899",641,"Together_1"
"1900",642,"Together_1"
"1901",643,"Together_1"
"1902",644,"Together_1"
"1903",645,"Together_1"
"1904",646,"Together_1"
"1905",647,"Together_1"
"1906",648,"Together_1"
"1907",649,"Together_1"
"1908",650,"Together_1"
"1909",651,"Together_1"
"1910",652,"Together_1"
"1911",653,"Together_1"
"1912",654,"Together_1"
"1913",655,"Together_1"
"1914",656,"Together_1"
"1915",657,"Together_1"
"1916",659,"Together_1"
"1917",660,"Together_1"
"1918",663,"Together_1"
"1919",664,"Together_1"
"1920",665,"Together_1"
"1921",666,"Together_1"
"1922",667,"Together_1"
"1923",668,"Together_1"
"1924",669,"Together_1"
"1925",670,"Together_1"
"1926",671,"Together_1"
"1927",672,"Together_1"
"1928",673,"Together_1"
"1929",674,"Together_1"
"1930",675,"Together_1"
"1931",676,"Together_1"
"1932",677,"Together_1"
"1933",678,"Together_1"
"1934",679,"Together_1"
"1935",680,"Together_1"
"1936",681,"Together_1"
"1937",682,"Together_1"
"1938",685,"Together_1"
"1939",686,"Together_1"
"1940",687,"Together_1"
"1941",690,"Together_1"
"1942",691,"Together_1"
"1943",692,"Together_1"
"1944",693,"Together_1"
"1945",694,"Together_1"
"1946",695,"Together_1"
"1947",696,"Together_1"
"1948",697,"Together_1"
"1949",698,"Together_1"
"1950",699,"Together_1"
"1951",700,"Together_1"
"1952",702,"Together_1"
"1953",703,"Together_1"
"1954",705,"Together_1"
"1955",706,"Together_1"
"1956",707,"Together_1"
"1957",708,"Together_1"
"1958",709,"Together_1"
"1959",710,"Together_1"
"1960",711,"Together_1"
"1961",712,"Together_1"
"1962",713,"Together_1"
"1963",714,"Together_1"
"1964",716,"Together_1"
"1965",719,"Together_1"
"1966",720,"Together_1"
"1967",721,"Together_1"
"1968",722,"Together_1"
"1969",723,"Together_1"
"1970",724,"Together_1"
"1971",725,"Together_1"
"1972",726,"Together_1"
"1973",727,"Together_1"
"1974",728,"Together_1"
"1975",730,"Together_1"
"1976",731,"Together_1"
"1977",732,"Together_1"
"1978",735,"Together_1"
"1979",736,"Together_1"
"1980",737,"Together_1"
"1981",739,"Together_1"
"1982",740,"Together_1"
"1983",743,"Together_1"
"1984",744,"Together_1"
"1985",746,"Together_1"
"1986",748,"Together_1"
"1987",750,"Together_1"
"1988",751,"Together_1"
"1989",753,"Together_1"
"1990",755,"Together_1"
"1991",756,"Together_1"
"1992",758,"Together_1"
"1993",759,"Together_1"
"1994",760,"Together_1"
"1995",761,"Together_1"
"1996",762,"Together_1"
"1997",763,"Together_1"
"1998",764,"Together_1"
"1999",766,"Together_1"
"2000",767,"Together_1"
"2001",768,"Together_1"
"2002",770,"Together_1"
"2003",771,"Together_1"
"2004",772,"Together_1"
"2005",773,"Together_1"
"2006",774,"Together_1"
"2007",775,"Together_1"
"2008",776,"Together_1"
"2009",777,"Together_1"
"2010",778,"Together_1"
"2011",779,"Together_1"
"2012",780,"Together_1"
"2013",781,"Together_1"
"2014",782,"Together_1"
"2015",783,"Together_1"
"2016",785,"Together_1"
"2017",786,"Together_1"
"2018",787,"Together_1"
"2019",788,"Together_1"
"2020",789,"Together_1"
"2021",790,"Together_1"
"2022",791,"Together_1"
"2023",792,"Together_1"
"2024",793,"Together_1"
"2025",794,"Together_1"
"2026",796,"Together_1"
"2027",798,"Together_1"
"2028",799,"Together_1"
"2029",801,"Together_1"
"2030",803,"Together_1"
"2031",804,"Together_1"
"2032",805,"Together_1"
"2033",806,"Together_1"
"2034",807,"Together_1"
"2035",808,"Together_1"
"2036",809,"Together_1"
"2037",810,"Together_1"
"2038",811,"Together_1"
"2039",812,"Together_1"
"2040",813,"Together_1"
"2041",814,"Together_1"
"2042",816,"Together_1"
"2043",817,"Together_1"
"2044",818,"Together_1"
"2045",819,"Together_1"
"2046",820,"Together_1"
"2047",821,"Together_1"
"2048",823,"Together_1"
"2049",825,"Together_1"
"2050",826,"Together_1"
"2051",827,"Together_1"
"2052",828,"Together_1"
"2053",829,"Together_1"
"2054",830,"Together_1"
"2055",831,"Together_1"
"2056",832,"Together_1"
"2057",833,"Together_1"
"2058",834,"Together_1"
"2059",835,"Together_1"
"2060",839,"Together_1"
"2061",840,"Together_1"
"2062",841,"Together_1"
"2063",842,"Together_1"
"2064",843,"Together_1"
"2065",844,"Together_1"
"2066",845,"Together_1"
"2067",846,"Together_1"
"2068",847,"Together_1"
"2069",848,"Together_1"
"2070",849,"Together_1"
"2071",851,"Together_1"
"2072",852,"Together_1"
"2073",853,"Together_1"
"2074",854,"Together_1"
"2075",855,"Together_1"
"2076",857,"Together_1"
"2077",858,"Together_1"
"2078",860,"Together_1"
"2079",861,"Together_1"
"2080",862,"Together_1"
"2081",863,"Together_1"
"2082",864,"Together_1"
"2083",865,"Together_1"
"2084",866,"Together_1"
"2085",867,"Together_1"
"2086",868,"Together_1"
"2087",869,"Together_1"
"2088",871,"Together_1"
"2089",872,"Together_1"
"2090",873,"Together_1"
"2091",874,"Together_1"
"2092",875,"Together_1"
"2093",876,"Together_1"
"2094",877,"Together_1"
"2095",878,"Together_1"
"2096",880,"Together_1"
"2097",881,"Together_1"
"2098",882,"Together_1"
"2099",883,"Together_1"
"2100",885,"Together_1"
"2101",886,"Together_1"
"2102",887,"Together_1"
"2103",888,"Together_1"
"2104",889,"Together_1"
"2105",890,"Together_1"
"2106",892,"Together_1"
"2107",896,"Together_1"
"2108",897,"Together_1"
"2109",899,"Together_1"
"2110",900,"Together_1"
"2111",901,"Together_1"
"2112",902,"Together_1"
"2113",903,"Together_1"
"2114",904,"Together_1"
"2115",905,"Together_1"
"2116",906,"Together_1"
"2117",907,"Together_1"
"2118",908,"Together_1"
"2119",909,"Together_1"
"2120",910,"Together_1"
"2121",911,"Together_1"
"2122",912,"Together_1"
"2123",913,"Together_1"
"2124",914,"Together_1"
"2125",915,"Together_1"
"2126",916,"Together_1"
"2127",917,"Together_1"
"2128",918,"Together_1"
"2129",919,"Together_1"
"2130",920,"Together_1"
"2131",921,"Together_1"
"2132",923,"Together_1"
"2133",925,"Together_1"
"2134",927,"Together_1"
"2135",928,"Together_1"
"2136",929,"Together_1"
"2137",930,"Together_1"
"2138",931,"Together_1"
"2139",933,"Together_1"
"2140",934,"Together_1"
"2141",935,"Together_1"
"2142",936,"Together_1"
"2143",938,"Together_1"
"2144",939,"Together_1"
"2145",940,"Together_1"
"2146",944,"Together_1"
"2147",945,"Together_1"
"2148",946,"Together_1"
"2149",947,"Together_1"
"2150",948,"Together_1"
"2151",949,"Together_1"
"2152",950,"Together_1"
"2153",952,"Together_1"
"2154",953,"Together_1"
"2155",954,"Together_1"
"2156",955,"Together_1"
"2157",956,"Together_1"
"2158",957,"Together_1"
"2159",958,"Together_1"
"2160",959,"Together_1"
"2161",960,"Together_1"
"2162",961,"Together_1"
"2163",962,"Together_1"
"2164",963,"Together_1"
"2165",964,"Together_1"
"2166",965,"Together_1"
"2167",966,"Together_1"
"2168",968,"Together_1"
"2169",969,"Together_1"
"2170",970,"Together_1"
"2171",971,"Together_1"
"2172",972,"Together_1"
"2173",973,"Together_1"
"2174",974,"Together_1"
"2175",975,"Together_1"
"2176",977,"Together_1"
"2177",978,"Together_1"
"2178",979,"Together_1"
"2179",981,"Together_1"
"2180",982,"Together_1"
"2181",983,"Together_1"
"2182",985,"Together_1"
"2183",986,"Together_1"
"2184",987,"Together_1"
"2185",988,"Together_1"
"2186",989,"Together_1"
"2187",991,"Together_1"
"2188",992,"Together_1"
"2189",993,"Together_1"
"2190",995,"Together_1"
"2191",996,"Together_1"
"2192",997,"Together_1"
"2193",998,"Together_1"
"2194",999,"Together_1"
"2195",1000,"Together_1"
"2196",1001,"Together_1"
"2197",1003,"Together_1"
"2198",1004,"Together_1"
"2199",1005,"Together_1"
"2200",1006,"Together_1"
"2201",1007,"Together_1"
"2202",1010,"Together_1"
"2203",1011,"Together_1"
"2204",1012,"Together_1"
"2205",1013,"Together_1"
"2206",1014,"Together_1"
"2207",1015,"Together_1"
"2208",1016,"Together_1"
"2209",1017,"Together_1"
"2210",1018,"Together_1"
"2211",1019,"Together_1"
"2212",1020,"Together_1"
"2213",1021,"Together_1"
"2214",1022,"Together_1"
"2215",1023,"Together_1"
"2216",1024,"Together_1"
"2217",1026,"Together_1"
"2218",1027,"Together_1"
"2219",1029,"Together_1"
"2220",1030,"Together_1"
"2221",1031,"Together_1"
"2222",1032,"Together_1"
"2223",1034,"Together_1"
"2224",1035,"Together_1"
"2225",1036,"Together_1"
"2226",1037,"Together_1"
"2227",1038,"Together_1"
"2228",1039,"Together_1"
"2229",1040,"Together_1"
"2230",1041,"Together_1"
"2231",1042,"Together_1"
"2232",1043,"Together_1"
"2233",1046,"Together_1"
"2234",1047,"Together_1"
"2235",1048,"Together_1"
"2236",1049,"Together_1"
"2237",1050,"Together_1"
"2238",1051,"Together_1"
"2239",1052,"Together_1"
"2240",1053,"Together_1"
"2241",1054,"Together_1"
"2242",1055,"Together_1"
"2243",1056,"Together_1"
"2244",1057,"Together_1"
"2245",1058,"Together_1"
"2246",1060,"Together_1"
"2247",1061,"Together_1"
"2248",1064,"Together_1"
"2249",1065,"Together_1"
"2250",1066,"Together_1"
"2251",1067,"Together_1"
"2252",1068,"Together_1"
"2253",1069,"Together_1"
"2254",1070,"Together_1"
"2255",1071,"Together_1"
"2256",1072,"Together_1"
"2257",1073,"Together_1"
"2258",1074,"Together_1"
"2259",1076,"Together_1"
"2260",1077,"Together_1"
"2261",1079,"Together_1"
"2262",1080,"Together_1"
"2263",1081,"Together_1"
"2264",1082,"Together_1"
"2265",1083,"Together_1"
"2266",1084,"Together_1"
"2267",1085,"Together_1"
"2268",1086,"Together_1"
"2269",1087,"Together_1"
"2270",1088,"Together_1"
"2271",1089,"Together_1"
"2272",1090,"Together_1"
"2273",1093,"Together_1"
"2274",1094,"Together_1"
"2275",1095,"Together_1"
"2276",1096,"Together_1"
"2277",1097,"Together_1"
"2278",1098,"Together_1"
"2279",1099,"Together_1"
"2280",1100,"Together_1"
"2281",1101,"Together_1"
"2282",1102,"Together_1"
"2283",1103,"Together_1"
"2284",1104,"Together_1"
"2285",1105,"Together_1"
"2286",1106,"Together_1"
"2287",1108,"Together_1"
"2288",1109,"Together_1"
"2289",1111,"Together_1"
"2290",1112,"Together_1"
"2291",1113,"Together_1"
"2292",1114,"Together_1"
"2293",1115,"Together_1"
"2294",1117,"Together_1"
"2295",1118,"Together_1"
"2296",1119,"Together_1"
"2297",1120,"Together_1"
"2298",1121,"Together_1"
"2299",1122,"Together_1"
"2300",1123,"Together_1"
"2301",1127,"Together_1"
"2302",1130,"Together_1"
"2303",1131,"Together_1"
"2304",1133,"Together_1"
"2305",1134,"Together_1"
"2306",1135,"Together_1"
"2307",1137,"Together_1"
"2308",1138,"Together_1"
"2309",1139,"Together_1"
"2310",1140,"Together_1"
"2311",1141,"Together_1"
"2312",1142,"Together_1"
"2313",1143,"Together_1"
"2314",1146,"Together_1"
"2315",1147,"Together_1"
"2316",1149,"Together_1"
"2317",1150,"Together_1"
"2318",1154,"Together_1"
"2319",1155,"Together_1"
"2320",1156,"Together_1"
"2321",1157,"Together_1"
"2322",1158,"Together_1"
"2323",1159,"Together_1"
"2324",1160,"Together_1"
"2325",1161,"Together_1"
"2326",1162,"Together_1"
"2327",1163,"Together_1"
"2328",1164,"Together_1"
"2329",1166,"Together_1"
"2330",1167,"Together_1"
"2331",1170,"Together_1"
"2332",1171,"Together_1"
"2333",1172,"Together_1"
"2334",1173,"Together_1"
"2335",1176,"Together_1"
"2336",1178,"Together_1"
"2337",1179,"Together_1"
"2338",1180,"Together_1"
"2339",1181,"Together_1"
"2340",1182,"Together_1"
"2341",1183,"Together_1"
"2342",1184,"Together_1"
"2343",1186,"Together_1"
"2344",1187,"Together_1"
"2345",1188,"Together_1"
"2346",1191,"Together_1"
"2347",1192,"Together_1"
"2348",1193,"Together_1"
"2349",1195,"Together_1"
"2350",1196,"Together_1"
"2351",1197,"Together_1"
"2352",1199,"Together_1"
"2353",1200,"Together_1"
"2354",1201,"Together_1"
"2355",1203,"Together_1"
"2356",1204,"Together_1"
"2357",1205,"Together_1"
"2358",1207,"Together_1"
"2359",1208,"Together_1"
"2360",1209,"Together_1"
"2361",1210,"Together_1"
"2362",1211,"Together_1"
"2363",1212,"Together_1"
"2364",1214,"Together_1"
"2365",1215,"Together_1"
"2366",1218,"Together_1"
"2367",1220,"Together_1"
"2368",1221,"Together_1"
"2369",1222,"Together_1"
"2370",1223,"Together_1"
"2371",1224,"Together_1"
"2372",1225,"Together_1"
"2373",1226,"Together_1"
"2374",1227,"Together_1"
"2375",1228,"Together_1"
"2376",1229,"Together_1"
"2377",1230,"Together_1"
"2378",1231,"Together_1"
"2379",1232,"Together_1"
"2380",1233,"Together_1"
"2381",1235,"Together_1"
"2382",1237,"Together_1"
"2383",1238,"Together_1"
"2384",1239,"Together_1"
"2385",1243,"Together_1"
"2386",1245,"Together_1"
"2387",1246,"Together_1"
"2388",1247,"Together_1"
"2389",1248,"Together_1"
"2390",1249,"Together_1"
"2391",1250,"Together_1"
"2392",1251,"Together_1"
"2393",1252,"Together_1"
"2394",1253,"Together_1"
"2395",1254,"Together_1"
"2396",1255,"Together_1"
"2397",1256,"Together_1"
"2398",1257,"Together_1"
"2399",1259,"Together_1"
"2400",1260,"Together_1"
"2401",1261,"Together_1"
"2402",1262,"Together_1"
"2403",1263,"Together_1"
"2404",1264,"Together_1"
"2405",1265,"Together_1"
"2406",1266,"Together_1"
"2407",1267,"Together_1"
"2408",1268,"Together_1"
"2409",1269,"Together_1"
"2410",1270,"Together_1"
"2411",1271,"Together_1"
"2412",1272,"Together_1"
"2413",1273,"Together_1"
"2414",1274,"Together_1"
"2415",1275,"Together_1"
"2416",1278,"Together_1"
"2417",1279,"Together_1"
"2418",1280,"Together_1"
"2419",1281,"Together_1"
"2420",1282,"Together_1"
"2421",1284,"Together_1"
"2422",1285,"Together_1"
"2423",1287,"Together_1"
"2424",1288,"Together_1"
"2425",1289,"Together_1"
"2426",1290,"Together_1"
"2427",1291,"Together_1"
"2428",1292,"Together_1"
"2429",1293,"Together_1"
"2430",1294,"Together_1"
"2431",1295,"Together_1"
"2432",1296,"Together_1"
"2433",1297,"Together_1"
"2434",1298,"Together_1"
"2435",1299,"Together_1"
"2436",1300,"Together_1"
"2437",1301,"Together_1"
"2438",1304,"Together_1"
"2439",1305,"Together_1"
"2440",1306,"Together_1"
"2441",1307,"Together_1"
"2442",1309,"Together_1"
"2443",1310,"Together_1"
"2444",1311,"Together_1"
"2445",1312,"Together_1"
"2446",1313,"Together_1"
"2447",1314,"Together_1"
"2448",1315,"Together_1"
"2449",1316,"Together_1"
"2450",1318,"Together_1"
"2451",1319,"Together_1"
"2452",1321,"Together_1"
"2453",1322,"Together_1"
"2454",1323,"Together_1"
"2455",1324,"Together_1"
"2456",1325,"Together_1"
"2457",1326,"Together_1"
"2458",1327,"Together_1"
"2459",1328,"Together_1"
"2460",1329,"Together_1"
"2461",1331,"Together_1"
"2462",1332,"Together_1"
"2463",1334,"Together_1"
"2464",1335,"Together_1"
"2465",1338,"Together_1"
"2466",1339,"Together_1"
"2467",1340,"Together_1"
"2468",1342,"Together_1"
"2469",1343,"Together_1"
"2470",1344,"Together_1"
"2471",1346,"Together_1"
"2472",1348,"Together_1"
"2473",1349,"Together_1"
"2474",1350,"Together_1"
"2475",1351,"Together_1"
"2476",1354,"Together_1"
"2477",1355,"Together_1"
"2478",1357,"Together_1"
"2479",1359,"Together_1"
"2480",1360,"Together_1"
"2481",1362,"Together_1"
"2482",1363,"Together_1"
"2483",1365,"Together_1"
"2484",1366,"Together_1"
"2485",1368,"Together_1"
"2486",1369,"Together_1"
"2487",1370,"Together_1"
"2488",1373,"Together_1"
"2489",1374,"Together_1"
"2490",1375,"Together_1"
"2491",1376,"Together_1"
"2492",1378,"Together_1"
"2493",1379,"Together_1"
"2494",1380,"Together_1"
"2495",1381,"Together_1"
"2496",1382,"Together_1"
"2497",1383,"Together_1"
"2498",1384,"Together_1"
"2499",1386,"Together_1"
"2500",1388,"Together_1"
"2501",1389,"Together_1"
"2502",1390,"Together_1"
"2503",1391,"Together_1"
"2504",1392,"Together_1"
"2505",1393,"Together_1"
"2506",1394,"Together_1"
"2507",1395,"Together_1"
"2508",1396,"Together_1"
"2509",1397,"Together_1"
"2510",1400,"Together_1"
"2511",1401,"Together_1"
"2512",1402,"Together_1"
"2513",1403,"Together_1"
"2514",1404,"Together_1"
"2515",1405,"Together_1"
"2516",1407,"Together_1"
"2517",1408,"Together_1"
"2518",1409,"Together_1"
"2519",1410,"Together_1"
"2520",1411,"Together_1"
"2521",1412,"Together_1"
"2522",1413,"Together_1"
"2523",1414,"Together_1"
"2524",1415,"Together_1"
"2525",1417,"Together_1"
"2526",1418,"Together_1"
"2527",1420,"Together_1"
"2528",1421,"Together_1"
"2529",1422,"Together_1"
"2530",1424,"Together_1"
"2531",1426,"Together_1"
"2532",1427,"Together_1"
"2533",1428,"Together_1"
"2534",1429,"Together_1"
"2535",1430,"Together_1"
"2536",1431,"Together_1"
"2537",1432,"Together_1"
"2538",1433,"Together_1"
"2539",1434,"Together_1"
"2540",1435,"Together_1"
"2541",1436,"Together_1"
"2542",1437,"Together_1"
"2543",1439,"Together_1"
"2544",1440,"Together_1"
"2545",1441,"Together_1"
"2546",1443,"Together_1"
"2547",1445,"Together_1"
"2548",1448,"Together_1"
"2549",1449,"Together_1"
"2550",1451,"Together_1"
"2551",1452,"Together_1"
"2552",1453,"Together_1"
"2553",1454,"Together_1"
"2554",1455,"Together_1"
"2555",1456,"Together_1"
"2556",1457,"Together_1"
"2557",1458,"Together_1"
"2558",1459,"Together_1"
"2559",1460,"Together_1"
"2560",1461,"Together_1"
"2561",1463,"Together_1"
"2562",1464,"Together_1"
"2563",1465,"Together_1"
"2564",1466,"Together_1"
"2565",1469,"Together_1"
"2566",1470,"Together_1"
"2567",1471,"Together_1"
"2568",1473,"Together_1"
"2569",1474,"Together_1"
"2570",1475,"Together_1"
"2571",1476,"Together_1"
"2572",1477,"Together_1"
"2573",1478,"Together_1"
"2574",1479,"Together_1"
"2575",1480,"Together_1"
"2576",1481,"Together_1"
"2577",1482,"Together_1"
"2578",1483,"Together_1"
"2579",1486,"Together_1"
"2580",1487,"Together_1"
"2581",1488,"Together_1"
"2582",1489,"Together_1"
"2583",1491,"Together_1"
"2584",1492,"Together_1"
"2585",1493,"Together_1"
"2586",1495,"Together_1"
"2587",1496,"Together_1"
"2588",1497,"Together_1"
"2589",1498,"Together_1"
"2590",1499,"Together_1"
"2591",1501,"Together_1"
"2592",1502,"Together_1"
"2593",1503,"Together_1"
"2594",1504,"Together_1"
"2595",1505,"Together_1"
"2596",1507,"Together_1"
"2597",1509,"Together_1"
"2598",1510,"Together_1"
"2599",1511,"Together_1"
"2600",1512,"Together_1"
"2601",1513,"Together_1"
"2602",1514,"Together_1"
"2603",1516,"Together_1"
"2604",1517,"Together_1"
"2605",1518,"Together_1"
"2606",1519,"Together_1"
"2607",1520,"Together_1"
"2608",1524,"Together_1"
"2609",1525,"Together_1"
"2610",1526,"Together_1"
"2611",1527,"Together_1"
"2612",1528,"Together_1"
"2613",1529,"Together_1"
"2614",1531,"Together_1"
"2615",1532,"Together_1"
"2616",1533,"Together_1"
"2617",1535,"Together_1"
"2618",1536,"Together_1"
"2619",1537,"Together_1"
"2620",1538,"Together_1"
"2621",1539,"Together_1"
"2622",1542,"Together_1"
"2623",1543,"Together_1"
"2624",1545,"Together_1"
"2625",1546,"Together_1"
"2626",1547,"Together_1"
"2627",1548,"Together_1"
"2628",1549,"Together_1"
"2629",1551,"Together_1"
"2630",1553,"Together_1"
"2631",1554,"Together_1"
"2632",1555,"Together_1"
"2633",1556,"Together_1"
"2634",1557,"Together_1"
"2635",1558,"Together_1"
"2636",1559,"Together_1"
"2637",1560,"Together_1"
"2638",1562,"Together_1"
"2639",1563,"Together_1"
"2640",1564,"Together_1"
"2641",1565,"Together_1"
"2642",1566,"Together_1"
"2643",1567,"Together_1"
"2644",1568,"Together_1"
"2645",1569,"Together_1"
"2646",1570,"Together_1"
"2647",1571,"Together_1"
"2648",1572,"Together_1"
"2649",1573,"Together_1"
"2650",1574,"Together_1"
"2651",1575,"Together_1"
"2652",1576,"Together_1"
"2653",1577,"Together_1"
"2654",1578,"Together_1"
"2655",1579,"Together_1"
"2656",1581,"Together_1"
"2657",1582,"Together_1"
"2658",1583,"Together_1"
"2659",1584,"Together_1"
"2660",1586,"Together_1"
"2661",1587,"Together_1"
"2662",1589,"Together_1"
"2663",1590,"Together_1"
"2664",1592,"Together_1"
"2665",1593,"Together_1"
"2666",1594,"Together_1"
"2667",1595,"Together_1"
"2668",1596,"Together_1"
"2669",1597,"Together_1"
"2670",1598,"Together_1"
"2671",1599,"Together_1"
"2672",1600,"Together_1"
"2673",1601,"Together_1"
"2674",1603,"Together_1"
"2675",1604,"Together_1"
"2676",1605,"Together_1"
"2677",1607,"Together_1"
"2678",1608,"Together_1"
"2679",1609,"Together_1"
"2680",1611,"Together_1"
"2681",1612,"Together_1"
"2682",1613,"Together_1"
"2683",1615,"Together_1"
"2684",1617,"Together_1"
"2685",1618,"Together_1"
"2686",1619,"Together_1"
"2687",1620,"Together_1"
"2688",1621,"Together_1"
"2689",1622,"Together_1"
"2690",1623,"Together_1"
"2691",1624,"Together_1"
"2692",1626,"Together_1"
"2693",1627,"Together_1"
"2694",1628,"Together_1"
"2695",1629,"Together_1"
"2696",1630,"Together_1"
"2697",1631,"Together_1"
"2698",1632,"Together_1"
"2699",1633,"Together_1"
"2700",1634,"Together_1"
"2701",1636,"Together_1"
"2702",1637,"Together_1"
"2703",1639,"Together_1"
"2704",1640,"Together_1"
"2705",1641,"Together_1"
"2706",1642,"Together_1"
"2707",1643,"Together_1"
"2708",1644,"Together_1"
"2709",1646,"Together_1"
"2710",1647,"Together_1"
"2711",1648,"Together_1"
"2712",1650,"Together_1"
"2713",1654,"Together_1"
"2714",1655,"Together_1"
"2715",1656,"Together_1"
"2716",1657,"Together_1"
"2717",1658,"Together_1"
"2718",1660,"Together_1"
"2719",1663,"Together_1"
"2720",1664,"Together_1"
"2721",1665,"Together_1"
"2722",1666,"Together_1"
"2723",1667,"Together_1"
"2724",1668,"Together_1"
"2725",1669,"Together_1"
"2726",1670,"Together_1"
"2727",1671,"Together_1"
"2728",1673,"Together_1"
"2729",1674,"Together_1"
"2730",1675,"Together_1"
"2731",1676,"Together_1"
"2732",1677,"Together_1"
"2733",1678,"Together_1"
"2734",1679,"Together_1"
"2735",1680,"Together_1"
"2736",1682,"Together_1"
"2737",1684,"Together_1"
"2738",1685,"Together_1"
"2739",1686,"Together_1"
"2740",1689,"Together_1"
"2741",1690,"Together_1"
"2742",1691,"Together_1"
"2743",1693,"Together_1"
"2744",1694,"Together_1"
"2745",1695,"Together_1"
"2746",1696,"Together_1"
"2747",1697,"Together_1"
"2748",1698,"Together_1"
"2749",1703,"Together_1"
"2750",1704,"Together_1"
"2751",1705,"Together_1"
"2752",1706,"Together_1"
"2753",1707,"Together_1"
"2754",1708,"Together_1"
"2755",1709,"Together_1"
"2756",1710,"Together_1"
"2757",1711,"Together_1"
"2758",1712,"Together_1"
"2759",1715,"Together_1"
"2760",1716,"Together_1"
"2761",1717,"Together_1"
"2762",1718,"Together_1"
"2763",1719,"Together_1"
"2764",1720,"Together_1"
"2765",1721,"Together_1"
"2766",1722,"Together_1"
"2767",1724,"Together_1"
"2768",1725,"Together_1"
"2769",1727,"Together_1"
"2770",1728,"Together_1"
"2771",1730,"Together_1"
"2772",1731,"Together_1"
"2773",1733,"Together_1"
"2774",1735,"Together_1"
"2775",1736,"Together_1"
